cliente_id,nome,cpf,email
1,Charlene Cox,54261026477,tonyreid@example.net
2,Jessica Shaw,86133784253,christybenton@example.org
3,Steven Butler,15650403622,wardwilliam@example.org
4,Ann Raymond,12693025917,millerrobert@example.org
5,Jennifer Torres,59535691593,qmatthews@example.org
6,Christopher Aguilar,19989903554,lellis@example.com
7,Jordan Porter,78263495917,jodi03@example.org
8,Patricia Stephens,11871161661,josephboyd@example.com
9,Adam Smith,76312203789,moorenancy@example.org
10,Eddie House,47637961559,coffeyrobert@example.net
11,Gina Harris,49092924189,elizabeth28@example.org
12,Bradley Rodgers,72993689347,ambersanders@example.com
13,Regina Navarro,74067431309,patricia03@example.com
14,Jason Shah,49300518366,andrewharmon@example.net
15,Danielle Jackson,25621040321,zschwartz@example.net
16,Kyle Banks,73918194425,mjones@example.org
17,Tammy Ryan,68388537969,vsingh@example.com
18,Abigail Gay,85120745586,darlenemathews@example.org
19,Derek Cook,44636824965,salinastraci@example.net
20,Monica Cooper,74890648769,dana04@example.net
21,Sean Juarez,53837123476,colemegan@example.com
22,Theodore Roberts,81721143436,cabrerajulie@example.net
23,Donna Norton,74230955278,brenda60@example.org
24,Benjamin King,80841641451,ocummings@example.com
25,Robert Allen,73932536285,garzasandra@example.net
26,Robert Salazar,95554778908,charlene40@example.net
27,Megan Gomez,65541739078,john72@example.net
28,Sara Nelson,63024869939,kellerkevin@example.net
29,Michele Odonnell,46533357960,canderson@example.org
30,Cynthia Petersen,88966826748,lflores@example.net
31,Carrie Romero,81484863382,kellyleah@example.org
32,Jamie Murphy,86844432434,francorussell@example.net
33,Clifford Hall,24896830050,szuniga@example.org
34,Jason Adams,95588355109,hernandezgabriel@example.com
35,William Woods,29341489351,cbooker@example.org
36,Elizabeth Taylor,54278260395,nicholasharrison@example.org
37,Sharon Smith,18019552653,malexander@example.org
38,Dorothy Moss,30883279768,johnsonthomas@example.com
39,Brian Grant,66207846343,fjohnson@example.org
40,Brandon Johnson,20287918177,cparks@example.com
41,Jacob Cole,88033974414,lucasgarrett@example.com
42,Gregory Lawrence,27898760753,zfields@example.com
43,Trevor Ortiz,82378090246,greg61@example.net
44,Leah Jones,87848720159,jennifermartin@example.net
45,Timothy Ross,70499668587,rbailey@example.com
46,Dana Williams,90949854644,rhale@example.net
47,Cole Hernandez,18084959136,ochen@example.net
48,Elizabeth Becker,54513772594,christine70@example.org
49,Stephanie Nicholson,27694424679,wrichardson@example.org
50,John Williams,63402946118,pricecatherine@example.com
51,Michael Harris,48534963821,harrisonsteven@example.net
52,Brandi Logan,73240976628,ssmith@example.net
53,Bryan Reese,65131116318,lunadonald@example.com
54,Valerie Johnson,99114259070,wilsonstephanie@example.com
55,Kristopher Green,38675072205,jorge86@example.com
56,Gloria Newman,66171788216,deborahbrown@example.com
57,Heather Moyer,11296288988,allenwilliam@example.com
58,Alec Adams,66189348220,xkeller@example.net
59,Michelle Schroeder,96028630715,sean16@example.net
60,Mary Rodriguez,17637004534,yvonnefisher@example.com
61,Katherine Quinn,94240240268,corey27@example.com
62,Krystal Malone,26693483508,kelly97@example.com
63,Dustin James,46491982099,laura52@example.org
64,Christine Rodriguez,88160615374,mark68@example.org
65,Seth Johnson,26435737431,kvaughan@example.org
66,Derek Ramos,93105802331,rachelgomez@example.org
67,Jennifer Payne,91776477643,bridgesdanielle@example.com
68,Sean Hardy,94921275246,cmills@example.com
69,Kelly Mcgee,38215461838,umosley@example.net
70,Crystal Garcia,50944718327,lambanthony@example.net
71,Dana Wright,16090278141,tlowery@example.com
72,Elizabeth Stein,50263435472,sandrade@example.net
73,Nathan Harris,62466223905,juan32@example.com
74,Noah Williams,90445128614,andersonmatthew@example.com
75,Michele Grant,13554156604,wilsonbryan@example.net
76,Lisa Reynolds,90231484137,amy36@example.com
77,Kimberly Adams,54845654390,jamesparrish@example.net
78,Cathy Brown,49049376147,richard07@example.net
79,Stephanie James,78482270683,corey94@example.org
80,Dr. Bruce Hall,15912252576,tannerbecker@example.com
81,Hannah Williams,80814729815,cvasquez@example.org
82,Frederick Paul,38107344059,millerjimmy@example.com
83,Christina Hayes,46509953871,rhicks@example.com
84,George Stewart,56264016537,tiffany12@example.com
85,Stephen Wiggins,21070399187,clarkandrea@example.net
86,Rachel Williams,51116258603,laurie63@example.com
87,Jerome Brown,49669667335,ycox@example.net
88,Mrs. Katrina Barker MD,19039499845,abrown@example.org
89,Tina Jacobs,75631017462,smunoz@example.net
90,Matthew Mclean,62457160052,dianaraymond@example.net
91,Marc Herrera,69689879651,ewhite@example.com
92,James Chavez,11876135110,thomas18@example.com
93,Daniel Clay,73344382341,jgreen@example.com
94,Bradley Contreras,64575377447,stevencoleman@example.net
95,Sharon Flowers,88980865591,floressharon@example.com
96,Lacey Hill,25778948448,tsmith@example.com
97,Erica Williamson,74992798809,schroederkristin@example.org
98,Daniel Lawson,24823757845,fernandezphilip@example.net
99,Benjamin Morgan,45053973158,njenkins@example.org
100,Brittany Campbell,96291392036,cody05@example.net
101,Jessica Jones,93365016274,daniel07@example.com
102,Paul Walsh,20012179439,watkinsjackie@example.org
103,Sherry Duncan,71308055648,patricia62@example.net
104,Joseph Dyer,49081503096,donnabeck@example.com
105,Martha Pierce,48420352614,ewatson@example.org
106,Louis Hanson,83474442058,dennisclark@example.com
107,Katherine Conner,91142445743,zconway@example.com
108,Charlotte Barton,37433144554,jenkinsmark@example.net
109,Richard Lang,63561646112,humphreydustin@example.net
110,Anne Meyer,92258924087,jacobstevens@example.net
111,Gloria Booth,23366117506,james21@example.net
112,Joshua Thornton,90438093310,thomasjames@example.org
113,Peter Allen,33584717786,pachecoaustin@example.net
114,Whitney Roberts,54441343047,otaylor@example.org
115,Angela Duffy,33003058503,yowen@example.com
116,Eric Johnson,26494629134,jeffreysimmons@example.com
117,Cassandra Hughes,94580052026,brettgarner@example.org
118,Barbara Jones,54462275877,eric70@example.net
119,Jeffrey Harrison,22713134731,stevensonscott@example.net
120,Richard Ramirez,73950032467,jonathan09@example.org
121,Seth Shelton,47093416589,melaniehaynes@example.com
122,Kenneth Coffey,14101768649,aaronperez@example.net
123,Teresa Wallace,14834196257,justin05@example.net
124,Crystal Leonard,77673635076,stephen09@example.com
125,Cameron Goodman,29370290165,wlopez@example.com
126,Jeffery Brown,72073256359,robertsonjohnny@example.org
127,Jessica Sullivan,53185594063,jennifer43@example.com
128,Heather Morrison,20471077007,ibrown@example.net
129,Isabella Dillon,87861399363,natalie95@example.net
130,Kaitlin Thompson,30790950754,kconrad@example.org
131,Thomas Duncan,38641966385,gmyers@example.com
132,April Fernandez,93341896153,joshuabaker@example.org
133,Vanessa Johnson,88517053662,ashleyyoung@example.net
134,Jonathan Donovan,42003041133,yvetteramirez@example.net
135,Carol Price,15571984720,victor30@example.com
136,Kelly Reynolds,98960333806,gordonlittle@example.com
137,Juan Martin,70720458266,jordan74@example.org
138,Lindsay Woods,34766800982,andrewwhite@example.com
139,Curtis Lamb,61020871476,gregorysullivan@example.org
140,Kyle Werner,17328360633,philip01@example.com
141,Dylan Sutton,63018901583,kwatson@example.com
142,Mrs. Maria Orr,13146522268,wayala@example.com
143,Desiree Dunn,93412930936,christensenjoseph@example.org
144,Tina Jones,71516013179,blee@example.org
145,Karen Baldwin,96352920853,jorge59@example.org
146,Amanda Adams,21532349600,hmcgrath@example.com
147,Christopher Kennedy,84381918221,eparks@example.net
148,Michelle Ferguson,16799545118,perrychristopher@example.com
149,Benjamin Hayden,39620630658,maria79@example.com
150,Mark Carr,60956277555,atkinswilliam@example.org
151,Bianca Whitaker,87467887731,garciajulie@example.net
152,Mr. Anthony Chavez,19924131732,jasonbowman@example.com
153,Robert Perez,11608380477,douglasgarcia@example.org
154,Ronald Garner,28988656305,danieltorres@example.org
155,Tracey Harris,30841676316,williamthomas@example.com
156,William Bender,51481870516,shepardrobert@example.net
157,Diane Wade,66912545203,anthonyhill@example.net
158,Stephanie Gilmore,19008355207,nicholas44@example.com
159,Kristina Barrett,15114574131,shawnrobinson@example.com
160,Daniel Garza,37586107618,gomezjennifer@example.net
161,Joshua Chase,69043620752,bchapman@example.org
162,Alexis Jones,18907230883,xcarter@example.com
163,Debra Bryant,48701360714,kdaniels@example.com
164,Sharon Day,39289090776,patrick75@example.net
165,Mr. Keith Duncan,24711722916,rcurry@example.net
166,Jennifer Bolton,81076079957,johnathan73@example.com
167,Timothy Spencer,88810100169,karinapruitt@example.org
168,Allison Phillips,63326977272,gregorymorrison@example.com
169,Rebekah Hernandez,53189453088,michaelmontgomery@example.net
170,Richard Schultz,54372531641,cstevens@example.org
171,Leah Wallace,96338750769,crossdaniel@example.com
172,Paige May,60129956993,jennifer59@example.org
173,Barbara Compton,48262298004,brianellis@example.com
174,Deborah Randolph,89475841399,gibbsjames@example.org
175,Amanda Mckinney,83864177342,shannongibson@example.com
176,Michelle Garcia,95167657094,opowell@example.org
177,Kevin Woods,81109748805,cummingsglenn@example.org
178,Thomas Mclean,92907372799,michaelcollins@example.net
179,Sandra Huerta,29447941510,mercedes55@example.net
180,Joshua Smith,87940662481,johnrodriguez@example.net
181,Diana Trujillo,88262119155,powersedward@example.org
182,Jennifer Gentry,92803633090,derek94@example.net
183,Kelly Todd,89806981844,sarasmith@example.org
184,Michelle Mack,86180123541,oflynn@example.com
185,Keith Parrish,61511263687,mosschad@example.org
186,Jacqueline Flores,93350606887,parkchristina@example.net
187,Matthew White,42627621127,sarah57@example.com
188,Lindsay Robinson,69275391764,jasonprice@example.com
189,Sabrina Thomas,65601054189,chandlerbryan@example.org
190,Ann Hernandez,41182962555,keithjames@example.org
191,Melissa Johnson,30861097886,odoyle@example.org
192,John Choi,50843123229,karen61@example.com
193,Abigail Wagner,93263828515,elizabeth80@example.org
194,Matthew Cannon,91998165381,patricia08@example.org
195,Dustin Williamson,56482710264,ysullivan@example.com
196,Ann Bartlett,13235799764,whitespencer@example.org
197,Kristen Collier,28527676082,daniel07@example.com
198,Jamie Chapman,13471910964,deleonwilliam@example.com
199,Emily Saunders,16883130167,katherineduran@example.com
200,Joan Rivers,55795109349,hannah53@example.org
201,Elizabeth Russell,90100495202,andrewsmith@example.com
202,Tamara Robinson,88940832354,greenshane@example.org
203,Jim Terrell,30868066182,jamesmiller@example.com
204,Antonio Barnes,11396694485,kimkyle@example.net
205,Steven Camacho,51516623313,ikeller@example.com
206,Stephanie Ochoa,37138344573,jacquelinemcknight@example.org
207,Karen Chang,43730824279,markblair@example.org
208,Jonathan Ho,91611350462,rebecca71@example.net
209,Patrick Weber,48201508250,wmathews@example.org
210,Michael Davis,45826365567,jenna11@example.net
211,Sarah Becker,14088291053,hensonwilliam@example.net
212,Nicholas Gardner,59763370620,oharvey@example.com
213,John Wade,69351373690,elizabeth28@example.org
214,Benjamin Dudley,29926606386,angelaramos@example.net
215,Richard Bright,57062758764,turnersamuel@example.org
216,Daniel Thornton,29879945358,whunter@example.com
217,Aaron Walker,95906308752,clarkryan@example.com
218,Crystal Holder,16530627822,perezseth@example.net
219,Blake Brown,94765379392,margaret88@example.net
220,Mr. Ronald Cooper,30685603746,jrichardson@example.com
221,Brian Miller,85780530006,hkeith@example.org
222,Elizabeth Walker,80332492282,steven61@example.net
223,Jason Gardner,57562072959,fboyle@example.com
224,John Hunt,16782799491,hallcathy@example.org
225,Mr. Warren Martin,90958335667,lfarley@example.net
226,Thomas Stephens,75049040032,kenneth40@example.com
227,Nancy Kim,27518938713,andrewprice@example.com
228,Martin Wilcox,92649996582,pruittpreston@example.net
229,Dr. Kendra Lewis,57899501540,bryan99@example.org
230,Elizabeth Daniel,17729583129,mcguirelauren@example.com
231,Alyssa Schmidt,44802645681,bryantadam@example.net
232,Kathryn Moore,93207594396,imeyer@example.com
233,Christopher Thomas,38047923830,jblankenship@example.com
234,Samantha Williams,55956621930,fmendoza@example.net
235,Justin Davis,19064615978,chinton@example.org
236,Brooke Choi,25813103153,christina23@example.org
237,William Rubio,97019560729,chadturner@example.org
238,John Morris,38927374545,hshaw@example.net
239,Christy Lam,46449423641,sheltongeorge@example.org
240,Jonathan White,61196520817,perezemily@example.com
241,Timothy Reid,86272487784,hansenthomas@example.com
242,Michele Thompson,55146062202,mpaul@example.org
243,Sean Murray,89514409960,lwarner@example.net
244,Justin Fields,40174891366,rhonda96@example.net
245,Terri Jones,49100782208,wreed@example.net
246,Christine Costa,27142159292,swagner@example.net
247,Melissa Gonzalez,87165168743,anne98@example.net
248,Karen Calderon,65377245957,brittany16@example.net
249,Thomas Gonzalez,12037705941,turnershawna@example.net
250,John Buchanan,94647129681,jasminereed@example.net
251,Anthony Fitzpatrick,67391054798,utran@example.org
252,Juan Garza,36323791194,burtonkimberly@example.org
253,Michael Simon,84360651579,boylechristopher@example.com
254,Claire Benjamin,68719491282,kjensen@example.org
255,Mary Waters,13288114418,michaela80@example.net
256,Karen Berg,18122434424,danielvaughn@example.net
257,George Sanders,87969756612,hollandroy@example.net
258,Barry Martin,49692611747,blackgeorge@example.org
259,Phillip Lane,82372014823,lesliemurray@example.com
260,Tiffany Contreras,19941851669,clintonmarshall@example.com
261,Amber Thomas,82327005945,john18@example.com
262,Tiffany Moore,93511437107,ralph17@example.net
263,Connor Spencer,82176121490,bennettdalton@example.net
264,Audrey Hanson,41367844153,cmurphy@example.org
265,Henry Henry,93028178230,shawn82@example.com
266,Nicole Brown,89548150311,greg37@example.com
267,Melissa Hart,77095495192,gonzalezkrystal@example.org
268,Harry Jimenez,26908295745,hlowe@example.com
269,Toni Mendoza,58944342469,christina08@example.net
270,Juan Mitchell,29590996335,kevin25@example.net
271,Daniel Lee,67394135476,vweaver@example.net
272,Charles Smith,20850706725,miranda80@example.com
273,Nicole Young,68067612625,masonbenjamin@example.org
274,Joseph Cox,63389300028,thomasgraham@example.net
275,Carol Morris,87982681743,richardwilliams@example.com
276,Evan Brock,89185324225,josebrown@example.org
277,Mrs. Tracy Price MD,57215089926,jrussell@example.org
278,Katrina Macias DDS,57272594830,victoria45@example.com
279,Deanna Davis,23141116939,gwatson@example.org
280,Lisa Smith,91786351084,amartin@example.com
281,Melinda Perez,20713053287,lopezkyle@example.net
282,Michael Parker,54660112214,georgevanessa@example.net
283,Julia Tate,19634734556,adavis@example.com
284,Angela Miller,15378792325,andreaedwards@example.com
285,Toni Gonzalez,73708887765,iwright@example.com
286,Jamie Romero,50731862835,njohnson@example.com
287,Larry Moreno,75041443028,mcneilgabrielle@example.org
288,Michael Deleon,86435274348,lduncan@example.org
289,Andrew Flowers,17107840931,alejandro37@example.org
290,Kerri Shepherd,93594586570,ufrank@example.com
291,Kristine Robinson,93957762217,ryan80@example.org
292,Albert Pratt,22500109398,julie57@example.net
293,Ann Archer,34841626725,mfitzpatrick@example.net
294,Tina Johnson,41911794007,reneelindsey@example.com
295,Robert Brooks,14170354685,donaldwillis@example.net
296,Nathan Cochran,34988417148,riveraandrea@example.org
297,John Cook,11266072760,davidsonheather@example.com
298,Alison Collins,48732072147,rrodriguez@example.org
299,Laura Potts,53256247041,cindyfernandez@example.org
300,Jesse Acevedo,31532297527,meghan38@example.org
301,Christopher Prince,29546983787,russell86@example.org
302,Jacob Bryan,67283231106,dcrosby@example.net
303,Angela Rodriguez,48951196285,nsmith@example.org
304,Robert Phillips,49766977699,amy91@example.net
305,Troy Williams,42930740065,derrick68@example.net
306,Cameron Shah,51871862689,garciacarol@example.org
307,Melanie Simon,25800881702,clarkchristopher@example.net
308,Samantha Ramsey,32529527417,paul01@example.com
309,Joseph Middleton,91808787539,zgarza@example.net
310,Christina Ortiz,64456098564,powellcolin@example.com
311,Calvin Ho,55801840828,eschneider@example.net
312,James Parker,62133591107,ryansantana@example.com
313,Antonio Gates,75832107406,brookslisa@example.org
314,Jonathan Welch,21711989529,cindywade@example.com
315,Jordan Olson,47157658151,blairrichard@example.com
316,Judith Wilson,39256167645,erin36@example.net
317,Angel Hoffman,98383326677,timothylarson@example.com
318,Benjamin Duran,25234951772,jonathan74@example.com
319,Miguel Carey,85074017983,vmcdonald@example.org
320,Robert Acosta MD,60126105369,laurahart@example.com
321,Thomas Thomas,13466815974,jesse29@example.org
322,Patricia Simpson,60646627320,azhang@example.com
323,Amy Clark,60265573994,thomastammy@example.net
324,Amber Hopkins,11130686676,stephaniejohnson@example.com
325,Paul Cantu,24247537451,robin93@example.net
326,Madison Bates,16844448952,paulbutler@example.net
327,Christine Rios,88166558224,jessica31@example.net
328,Amber Gutierrez,30990135533,noah83@example.com
329,Steven Barker,86794706288,kathyweber@example.com
330,Brenda King,15737571519,lisahall@example.com
331,David Lee,79282222745,yjohnson@example.org
332,Jordan Whitney,68113457912,timothy43@example.com
333,Lisa Watts,36862114288,kelleydavid@example.com
334,Lisa Herrera,30382074632,anthony98@example.com
335,Shirley Miller,31035759188,kevin48@example.org
336,Brittany Vaughn,72767212978,jeffersonkenneth@example.com
337,Frank Perez,39430038518,bsaunders@example.com
338,Stephanie Sanford,31447620942,cgonzalez@example.net
339,Christopher King,59249792168,caseytyrone@example.com
340,John Rogers,63137645370,keith79@example.org
341,Ashley Morris,73964632217,aaron12@example.org
342,Justin Garrett,27574356768,qmacdonald@example.org
343,Lisa Weber,68186995105,mathew13@example.org
344,Michael Ramirez,73435497156,nathan15@example.com
345,Benjamin Stewart,51140447695,nathan78@example.net
346,Albert Hodge,39304561184,andrew48@example.org
347,Mrs. Bethany Ramirez MD,29172359601,bryan90@example.com
348,Timothy Johnson,87045149892,angelawilliams@example.org
349,Samantha Huang,23170976762,scottgonzales@example.org
350,Diana Wilson,99419909177,walkerjennifer@example.net
351,Travis Potter,38667756475,lopezdouglas@example.com
352,Charles Forbes,50461361401,daniellechristian@example.com
353,Jasmine Swanson,28146990903,roycarter@example.com
354,Angela Boyd,33947436559,hjohnson@example.com
355,Leslie Gomez,30716176795,angelahawkins@example.com
356,Russell Christensen,74440174413,singletongina@example.org
357,Jackson Baker,17752327486,mario70@example.net
358,Cody Fitzpatrick,70128321411,william38@example.com
359,Krista Harrell,60580438102,pattersonstacy@example.com
360,Danielle Lopez,83546608880,stephen48@example.org
361,Linda Baldwin,19304337567,matthew93@example.net
362,Christina Booker,24269868587,obrown@example.net
363,Ricky Roberts,22467709227,stephanie68@example.com
364,Lori Clark,49958603272,bradleyholly@example.net
365,Melissa Fox,25731637881,marcia93@example.org
366,Michelle Spencer,90049632021,shelleyschneider@example.org
367,Lisa Gilbert,87294233842,bucklauren@example.net
368,Wayne Cooper,14926552219,eduffy@example.org
369,Emily Myers,64642159166,rileysusan@example.net
370,Jose Martinez,81636346177,dfrank@example.com
371,Amy Tate,59651732299,shannonporter@example.com
372,Laura Martin,33933992094,phiggins@example.org
373,Joseph Ewing,57314969327,thomasbest@example.com
374,Ryan Scott,64993516954,johnvasquez@example.com
375,James Rangel,46423112406,kaitlin32@example.net
376,Parker Zimmerman,54872383408,uallen@example.org
377,Blake Williams,72460472110,vmoore@example.org
378,Richard Cameron,70561265032,xprince@example.net
379,John Miller,20171647176,susan52@example.org
380,Joseph Allen,81007624312,melissaanderson@example.org
381,Derrick Brown,71366364736,robert49@example.org
382,Dale Spears,42258125230,lwood@example.org
383,Mr. William Brown,34981967483,droberson@example.org
384,Sean Holmes,50335046351,swong@example.org
385,Beth Howell,91820857365,ggarcia@example.net
386,Adam White,25362486637,owenhunter@example.com
387,Julie Cherry,65674374992,aprilkline@example.org
388,Howard Mitchell,34812226382,hdennis@example.com
389,Brian Liu,59081938347,reynoldschristopher@example.com
390,Roy Alexander,53793858248,millerlisa@example.com
391,Miss Brittany Smith MD,40858392866,rfisher@example.org
392,Mr. Eric Boone,56150205813,rcruz@example.com
393,Crystal Chandler,67037809322,carpenterelizabeth@example.net
394,Michael Kelley,52513347922,mccarthyalison@example.org
395,Arthur Wilson,39975280510,lindsay88@example.net
396,Tammy Cuevas,70973840484,awilliams@example.com
397,Amanda Jensen,49082181471,jeffrey56@example.net
398,Stacy Barber,68337118459,ysmith@example.org
399,Alex Hoffman,19726901048,michelle78@example.net
400,Jeanette Morris,13377690022,fwoods@example.com
401,Christine Cline,46146480504,matthew92@example.org
402,Jonathan Garza,40194599349,paul20@example.org
403,Alexander Lee,41405063462,lopezwesley@example.net
404,Jennifer Bowman,26366423776,coloncourtney@example.org
405,Margaret Olson,53147386308,reynoldsjacob@example.net
406,Kimberly Armstrong,78073496343,ppham@example.com
407,Gabriel Barrera,91916932259,barbara84@example.net
408,Kyle Webb,93279550889,wheeleranthony@example.net
409,Mitchell White,60000118278,kimberly66@example.org
410,Casey Preston,23589000554,crystallawrence@example.net
411,Amy Wilson,60017376787,eduncan@example.net
412,Melanie Schneider,96129636001,meganmarks@example.org
413,Olivia Perez PhD,77056699057,willisanthony@example.org
414,Adam Davis,81959965116,jonathan57@example.org
415,Juan Foster,35166633921,wallerdennis@example.org
416,Mary Fischer,82580258802,ajoyce@example.com
417,Michael Sosa,33476584333,baileybrittany@example.org
418,Katie Phillips,29879750674,martinezphillip@example.net
419,Jeffrey White,24386561714,janetochoa@example.org
420,Todd Conley,61746689562,wallaceelizabeth@example.com
421,Zachary Myers,86713976510,bowenharold@example.org
422,Wendy Roberts,92089329087,mmckinney@example.com
423,David Larsen,36161674378,april45@example.org
424,Terrence Young,35610751997,stephaniejimenez@example.com
425,George Davis,37571381065,fboone@example.org
426,Lauren Fisher,13529967198,tkelly@example.net
427,Thomas Livingston,66345546148,kevinsmith@example.com
428,Angela Green,48179931825,amandaevans@example.com
429,Margaret Lopez,24782083596,veronicajennings@example.net
430,Ryan Robinson,87701242822,knightmonique@example.com
431,Daniel Robinson,14605901010,williamjones@example.net
432,William Carlson,24272221722,patrickcole@example.com
433,James Soto,51822476614,ljohnson@example.org
434,Jacob Williams,35522454134,christopher00@example.org
435,Benjamin Aguirre,93100501812,lisatran@example.org
436,Darlene Ayala MD,98700907965,allenjonathan@example.com
437,Scott Rose,82337044053,stevenrhodes@example.org
438,Gary Thompson,54695814957,katelynanderson@example.org
439,Larry Kaufman,77481399338,coxeric@example.org
440,Stephanie Richardson,42388773740,brownmegan@example.org
441,Jacob Medina,97743145613,kaitlinmiller@example.net
442,Michelle Potter,30580361325,smithemily@example.net
443,Charles Weaver,83029767890,mcdonaldrobert@example.net
444,Angela Turner,29961026736,stonedennis@example.com
445,Steven Stark,69402306845,deleonhannah@example.net
446,Robert Thompson,15860238206,delgadokristen@example.org
447,David Johnson,76624011583,sharongilbert@example.net
448,Christine Nguyen,93126582080,vwhite@example.org
449,Calvin Meadows,56519190265,vwashington@example.com
450,Mckenzie Morgan,84134767417,wilsoncharles@example.com
451,Sherri Gordon,19549740544,ryan96@example.org
452,Jamie Johnson,77387257933,kylewerner@example.org
453,Peggy Webb,87828498078,navarrostephanie@example.com
454,Dennis Lynch,63703109219,rodriguezbrittany@example.org
455,James Thomas,84357163607,qflowers@example.com
456,Richard Reid,95154214584,danielsjared@example.net
457,Jeffrey Wright,57108190783,stephanie73@example.com
458,Brandon Owen,82898816705,stoutanthony@example.org
459,Samuel Mcclain,41045315114,tfleming@example.net
460,Yolanda Boyer,64325800590,william12@example.org
461,Kristen Hogan,40778198455,jtaylor@example.com
462,Todd Ramirez,28869356653,pspencer@example.com
463,Jeffrey Medina,14038032285,rrodriguez@example.net
464,Charles Reynolds,86034419537,manuelroberts@example.com
465,Steven White,36086794380,madison39@example.org
466,Jennifer Sanchez,24909893759,gonzalessarah@example.org
467,William Vasquez,42289119105,jeffrey31@example.net
468,Alejandro Pope,22151748324,ethomas@example.com
469,Amy Underwood,19408737526,thomasbates@example.com
470,Sean Powers,33102168393,amanda50@example.org
471,Daniel Compton,83913381497,andrearamirez@example.org
472,Robert Stout,90445545956,enelson@example.org
473,Jennifer Evans,95268414129,boyersteven@example.net
474,Matthew Turner,99228366499,tbennett@example.org
475,Laura Villegas,79723567136,gomezsandra@example.com
476,Joanne Young,32827404255,foleylaura@example.net
477,Katie Chandler,20794354240,uhoffman@example.net
478,Caroline Francis,94369705509,williamwilliams@example.net
479,Allison Aguilar,70527526509,emorales@example.org
480,Christopher Cobb,84397444710,stuartjimenez@example.net
481,Heather Owens,15844448379,roberta93@example.com
482,Keith Cannon,87408421817,ejohnston@example.com
483,Maria Hicks,58457818180,robertingram@example.com
484,Stephen Stark,30805271371,dsparks@example.com
485,James Holmes,96253388255,fsantiago@example.org
486,Brian Collins,59637496719,sandra03@example.net
487,Valerie Gonzalez,39959494392,brittanyharrell@example.com
488,Caleb Haynes,17255488999,riveraralph@example.org
489,Joseph Mullen,80881647258,rbeltran@example.com
490,Sara Jackson,78264359076,katherineruiz@example.org
491,Joseph Gonzalez,77366342947,vtaylor@example.com
492,Sabrina Gaines,39697064458,richardrodriguez@example.org
493,Erik Roberts,58133141300,robertandrews@example.org
494,Jessica Glover,52239536629,stephensamy@example.net
495,Jessica Hunter,17898283593,christina29@example.net
496,Wanda Medina,66910019611,barbara09@example.org
497,Carlos Jones,71943467635,kim69@example.net
498,David Townsend,64328626410,mcdonaldmatthew@example.org
499,Christopher Morrison,59992690907,kimcynthia@example.org
500,Brandon Barry,24844152714,phillipschristopher@example.org
501,Jenna Campbell,27763565617,holdernicole@example.com
502,Sabrina Adams,57980664013,hughesluis@example.net
503,Jennifer Davis,92094640684,callahanchelsea@example.net
504,Daniel Griffin,59626020090,jeremiahbennett@example.org
505,Kelly Snyder,31240326121,heatherholmes@example.net
506,Judith Hicks,87314200714,steelemichael@example.net
507,Sherry Ramirez,59385540028,christine15@example.com
508,Emma Flores,68355048503,beckerscott@example.org
509,Samantha Smith,45651589992,jhall@example.com
510,Kelly Barker,63240672019,mtran@example.com
511,Dr. Melissa Hall,58892445567,lisa58@example.net
512,Michael Hardy,96828587590,adamgentry@example.net
513,Daniel Garcia,81244250553,danny66@example.org
514,Matthew Murillo,70492446037,levyashley@example.net
515,Eric Rodriguez,80320955141,jenniferwhite@example.com
516,Amanda Taylor,58324997483,vjacobs@example.org
517,Eugene Patterson,19808708400,evelyn29@example.net
518,Christopher Jimenez,22170358104,santanabryan@example.net
519,Christopher Harris,95937510717,monique37@example.org
520,Peter Myers,50762877293,jonathanhunt@example.net
521,Cassandra Petersen,85120495304,timothyacosta@example.org
522,Amber Vega,78178430749,alexandersantiago@example.com
523,Luke Torres,59862912410,matthew01@example.org
524,Laurie Bowers,36420274116,sallyhernandez@example.net
525,Jerry Diaz,18874116772,haleyjohnston@example.net
526,Vincent Kaufman,98539070557,russellrebecca@example.com
527,Brandi Johnson,73656489614,christophergordon@example.org
528,Jason Everett,37851660828,ashley92@example.com
529,John Gordon,96673718675,esmith@example.net
530,Jeffrey Bullock,18649655964,travis33@example.net
531,Suzanne Patel,16544748767,brett28@example.net
532,Casey Mcclain,12641461027,campossamantha@example.com
533,Michael Haas,28159823481,cooperelizabeth@example.net
534,Rebecca Palmer,65107416106,andrew55@example.com
535,Sarah Hamilton,60824878403,holly79@example.com
536,Rhonda Jones,26912526601,ethomas@example.org
537,Cory Baker,41937254492,ricegregory@example.org
538,Janice Roberson,40038401978,mross@example.net
539,Dalton Nguyen,58012040458,linda84@example.org
540,Andrew Smith,84671474910,kellyortiz@example.net
541,Derrick Gould,74573270825,powellbruce@example.net
542,Terry Baxter,66108080923,samuel37@example.org
543,Daniel Roman,59969060884,kathleen72@example.org
544,Jordan Garrison,57912279303,jessica10@example.net
545,William Thomas,28084090124,henrystanley@example.com
546,Michael Warren,58704368067,alejandroramirez@example.net
547,Curtis Harris,24081754507,whitney44@example.com
548,Brian Turner,25587727978,maurice90@example.org
549,Chelsea Clark,60303447221,allisondelgado@example.org
550,Tanya Perry,16179837528,kaylanorman@example.net
551,Howard Garcia,58415571499,breed@example.net
552,Elizabeth Parsons,76120863921,kdodson@example.org
553,Benjamin Cole,85556272552,robert98@example.org
554,Allen Joseph,49270679011,matthew62@example.com
555,Valerie Meyer,70314237533,jocelyn66@example.com
556,Bruce Price,86698574824,masonkenneth@example.net
557,Abigail Cummings,27494280866,grobertson@example.com
558,Joanna Ross,16467364874,ellisdustin@example.net
559,Cynthia Glenn,53789802398,jreyes@example.com
560,David Lynch,64443649288,pgeorge@example.org
561,Linda Gomez,15714396941,susanduncan@example.org
562,Faith Peterson,89968242292,mark51@example.com
563,John Rodriguez,40817679851,robertsjoy@example.net
564,Melissa Davis,72583198645,saravance@example.com
565,Kenneth Rowe,13237445617,prusso@example.com
566,Caroline Duke,68382010867,david10@example.net
567,Tony Collins,41557840076,dbrown@example.com
568,Susan Calhoun,87271554725,mendozadenise@example.com
569,Kristen Harding,87479254662,amberwells@example.org
570,Jacob Baker,36896154449,tammy40@example.com
571,Anthony Gomez,80015548215,wvasquez@example.com
572,Kelly Travis,65851811282,melindadawson@example.org
573,Ashley Sanders,43254013876,pattersonangelica@example.net
574,Brenda Hines,95215864411,woodwardwilliam@example.org
575,Angel Harris,54420403472,jrodriguez@example.net
576,Anthony Brown,87042608863,gcole@example.net
577,Abigail Davis,77437816665,tammy23@example.org
578,Amy Wong,98718292136,richardyoung@example.com
579,Matthew Edwards,53018963553,courtney67@example.org
580,Savannah Bradley,24409632952,inguyen@example.org
581,Sandra Price,51395566216,kimmelvin@example.org
582,Amy Marshall,13218846388,nathancombs@example.net
583,Brianna Perry,83946214866,uboyle@example.org
584,Marie Ramirez,33443667520,dustin44@example.org
585,Paul Edwards,57651336373,allenmelanie@example.net
586,Amy Garza,34483805772,moniquehowell@example.com
587,Alan Carpenter,59276281172,holderemily@example.org
588,Molly Boyd,52677731444,elizabeth66@example.org
589,Nicholas Reed,23151491132,smithaaron@example.org
590,Jamie Johnson,83260341255,summer96@example.com
591,Robert Porter,19869368347,veronica38@example.net
592,Jessica Gonzalez,99157556020,mary12@example.org
593,Kristina Vazquez MD,46533635915,hamptonpamela@example.com
594,Sandra Hicks,98163392743,amandamurray@example.org
595,Sheila Davidson,91895125946,alyssa76@example.org
596,Devon Glass,40223511900,jessicasmith@example.org
597,Ashley Lambert,39798690412,christopherphillips@example.net
598,Mrs. Lauren Berger DVM,40662012122,skinnerbrandy@example.org
599,Richard Whitaker,99065467912,francis79@example.com
600,Brandi Lopez,88279282282,joshuadiaz@example.org
601,Leslie Velez,72625258658,englishgeorge@example.com
602,Michael Long,26629188830,hodgemartha@example.com
603,Dawn Lam,64583589350,bscott@example.net
604,Rachel Burke,15597220416,manuel77@example.org
605,Victoria Brown,70809525622,alejandra04@example.net
606,Brendan Williams,93927204474,waltonnicole@example.com
607,Jessica Lewis,26262273095,sharongarrett@example.net
608,Kevin Zavala,92040302625,maldonadohaley@example.net
609,Katrina Watson,17056281708,elizabeththornton@example.com
610,Christopher Fuller,81360373506,robert61@example.com
611,Andrew Luna,72690240749,michael34@example.org
612,Mr. Michael Harrison MD,94904810912,dsharp@example.org
613,Harry Mejia,32352613389,taylor11@example.org
614,Ashley Sims,64817105126,ksmith@example.net
615,Alex Clay,51898306715,nicoleblackwell@example.net
616,Henry White,73219977922,jpeters@example.com
617,Nathan Jackson,66361266592,qbrooks@example.org
618,Michelle Banks,88928063293,ophillips@example.org
619,Sarah Harper,71280651755,calvarado@example.net
620,Nancy Hatfield,85928553056,amy52@example.org
621,Rose Roberts,62531168758,cdavis@example.net
622,Thomas Smith DDS,78314020008,burchcatherine@example.org
623,Kyle Harvey,19052717090,james61@example.net
624,Calvin Blackwell,90978250928,jlindsey@example.org
625,Patricia Adams,90051439306,brownlisa@example.org
626,Anita Baker,49440750691,friley@example.org
627,Thomas Cox,25842310645,bishopjoseph@example.net
628,Paul Clark,26638645936,adam32@example.com
629,Christopher Taylor,44509401888,cory38@example.net
630,Kelsey King,72413311887,karensnyder@example.com
631,Dale Francis,28193263755,hodgeskevin@example.net
632,Rick Haney,61494895063,thomas48@example.org
633,Kyle Miller,93141763745,ycarney@example.com
634,John Mccarty,78816289246,mark95@example.org
635,Stephanie Miller,18124292871,twood@example.com
636,Shelly Hart,53291783800,frankveronica@example.net
637,Christina Perkins,37753331763,steven08@example.org
638,Maria Bryant,52989185179,alexanderjon@example.com
639,Todd Franklin,31349888576,nancy57@example.net
640,Jeremy Ryan,16538944465,charleselaine@example.net
641,Christopher Jones,17700644945,tguerra@example.com
642,William Bolton,75054553341,woodbreanna@example.com
643,Dana Sheppard,94870029138,williamdominguez@example.com
644,Amanda Jenkins,89324848416,mirandahoward@example.org
645,John Sanchez,62803647707,walkerjason@example.com
646,Mia Greene,99322955888,lsandoval@example.net
647,Kevin Nelson,75200771790,lvega@example.net
648,John Peterson,33264660568,michellesloan@example.net
649,Kelly Moody,25930399345,brandon64@example.org
650,Deborah Pope,87182364981,jacksonelizabeth@example.com
651,Stanley Davenport,42476146196,joannmills@example.org
652,Virginia Fuentes,99726612311,banksjessica@example.org
653,Brittney Garcia,81520708357,stacy47@example.com
654,Jonathan Wood,87816424924,jessica64@example.org
655,Gina Parker,87104177794,ygonzales@example.net
656,Denise Schmidt,81665120465,gpeterson@example.net
657,Derek Richards,88689939850,jsmith@example.net
658,Chelsea Velez,53415077090,schneidersarah@example.com
659,Erik Chen,46973183803,jordanrobyn@example.net
660,Jenna Thompson,77993898734,michael38@example.org
661,Jeffery Bass,89296878831,allenaaron@example.org
662,John Wells,69452437796,nicole71@example.org
663,Zachary Brown,50732561350,jgriffin@example.org
664,William Andrews,13185655534,vbowers@example.net
665,Stephen Graham,99837122011,piercesabrina@example.com
666,Austin Richards,48892813179,william38@example.net
667,Gary Jones,19798606059,david72@example.com
668,Abigail Leonard,74353611985,bjohnson@example.net
669,Eric Howard,70485770826,rcisneros@example.net
670,Trevor Ruiz,64642622928,sergio52@example.org
671,Jennifer Jackson,59125812818,williamsmichael@example.net
672,Jennifer Coleman,97218442506,johnsonbarbara@example.net
673,Chelsea Phillips,81031283638,lopezkevin@example.net
674,Erica Morales,18441336158,steeledawn@example.org
675,Taylor Richards,68431794258,tylerhenson@example.com
676,Gabriella Ryan,83822503092,alexiswebb@example.net
677,Emily Mills,97531999287,allencarlos@example.com
678,Darryl Mcclain,67377035821,david70@example.net
679,Derrick Silva,59299614705,mary99@example.com
680,Tina Hester,68270223315,hunter92@example.com
681,Lindsay Bell,49002644836,wgibson@example.net
682,Mary Shepard,94440801858,jonathanhall@example.com
683,Robert Curtis,71472245030,nmelendez@example.net
684,Kristin Hunt,15148610372,gregorywillis@example.com
685,Stephanie Carr,51265860749,manuel34@example.net
686,Sandra Tucker,75211147204,amberlopez@example.net
687,Michael Hines,91505109022,anne43@example.org
688,Nancy Lowe,35090245240,reevesdana@example.org
689,David Page,61534902873,tiffanysmith@example.org
690,Randy Prince,51830043520,boyerashley@example.com
691,Kristin Morris,93570302026,phillipscatherine@example.com
692,Joseph Castillo,31905217403,ywilliams@example.net
693,Mason Hall,56368113224,michellechristensen@example.net
694,Robert Lambert,33797882649,brandon26@example.org
695,Samantha Wright,78486616467,gsmith@example.org
696,Brian Rogers,41947465751,nicole09@example.com
697,Steven Alexander,70400151959,dsimmons@example.com
698,Matthew Nicholson,63762117646,megangibson@example.net
699,Nathan Adams,75489677523,qwilliams@example.org
700,Tammy Ramos,81513041984,mark71@example.net
701,Ebony Webb,17596302168,seandunn@example.net
702,Chad Daniels,74152860396,shunter@example.org
703,Tyler Gonzales,64245046939,jtyler@example.com
704,Meagan Miller,78620426329,sparkschristian@example.com
705,James Harris,40653129882,wcamacho@example.net
706,Timothy Patel,35711800078,pball@example.org
707,Lauren Howard,16426664808,garrettshelby@example.org
708,Tamara Cooper,58962439239,sandratran@example.org
709,Phillip Hernandez,99719714091,davidhernandez@example.org
710,Terri Johnson,82092774986,jonathanhart@example.org
711,Sean Murphy,18877134989,freemanlee@example.org
712,Judy Harris,83875520642,kellyperkins@example.com
713,Ashley Gibson,44836150640,kmiller@example.org
714,Melissa Hart,54847961610,pevans@example.org
715,Deanna Foley,71479408207,gracefowler@example.org
716,Craig Case,13211084364,iwang@example.org
717,Kyle Davis,67570801971,teresa74@example.org
718,Kyle Ramos,28765526775,katrinaramirez@example.net
719,Kevin Morris,50700863481,jill61@example.com
720,Joanna Keith,97566773445,angelhouston@example.com
721,Courtney Robinson,15979067808,charleshawkins@example.net
722,Brent Jones,21368090115,zmahoney@example.net
723,Michael Alvarado,78987896074,kleinjohn@example.org
724,Jessica Hansen,38537511837,justinsmith@example.com
725,Monique Harper,58819802201,jamiechan@example.org
726,Alan White,70673752654,patricia57@example.net
727,Karen Stevenson,43379217769,williamtanner@example.com
728,Charles Gonzalez,40409032936,anthonyruiz@example.com
729,Pamela Miles,27556075541,caitlinyoder@example.com
730,Jennifer Ruiz,35165134063,nelsonamanda@example.org
731,Samuel Smith,80809649872,barbara92@example.org
732,Tara Rivera,85976037609,millerkimberly@example.net
733,Jason Moore,43327823671,vegahenry@example.net
734,Kimberly Crawford,13413554131,crystalstevens@example.net
735,Amanda Haas,71074977139,romerolynn@example.net
736,Patrick Walsh,94873901842,oarias@example.org
737,Anthony Goodman,38463403643,petersonrachel@example.org
738,Melinda Sexton,33802052541,emedina@example.com
739,Cassandra Fowler,78745095738,ychavez@example.net
740,Jennifer Robinson,11746563746,mcbridetimothy@example.org
741,Karen Smith,88181288383,csmith@example.com
742,James Lynch,20455111757,joanne87@example.org
743,Joshua Rivers,33250423070,sean57@example.com
744,David Huff,81997618951,psoto@example.org
745,Brooke Macias,82225597010,xbuck@example.org
746,Christina Lewis,17757420181,rachel94@example.com
747,Sally Coleman,75943762635,richardtaylor@example.com
748,Jeffrey Watkins,72171114327,kayla07@example.com
749,Tracy English,74408764453,alexiscarter@example.org
750,Deborah Odom,56177039516,christopher32@example.org
751,Heather Sosa,38253254992,bbowman@example.net
752,Virginia Powell,85528508020,tuckerangela@example.com
753,Carl Harvey,32419680032,larastephanie@example.com
754,Julie Hensley,81036875614,vickitrujillo@example.com
755,Rhonda Peck,58926638734,peterschultz@example.org
756,Jennifer Velazquez,40251597749,caitlyn17@example.net
757,John Frederick,31799625423,randolpherik@example.org
758,Angela Andrews,61033351688,tony34@example.net
759,Kendra Finley,43804103835,vharmon@example.net
760,Andrew Rivera,11218486012,williamselizabeth@example.net
761,Kaitlyn Jones,45233215578,wesley39@example.org
762,Zachary Miller,89034366465,hbradley@example.net
763,Christopher Robinson,95040510974,jtate@example.net
764,Daniel Wilson,99569420560,mirandacontreras@example.com
765,Angela Jones,94407092549,treid@example.com
766,Nicholas Brown,56752554632,wwarren@example.com
767,Alison Mckinney,37146043461,mendozaholly@example.com
768,Dustin Mercado,68245024730,lwilliams@example.net
769,William Trujillo,82828908709,wagnerlauren@example.org
770,Vanessa Schmidt,53666545985,heathrobert@example.com
771,David Cortez,30268994547,lcontreras@example.com
772,Paul Ramirez,92466848039,iescobar@example.org
773,Erin Atkinson,72830808623,lsavage@example.net
774,Joseph Taylor,99456983238,swashington@example.com
775,Lee Mathis,40864863986,kara71@example.org
776,Mr. Mark Mason,73454721279,daleallen@example.net
777,Jenna Moore,83872302530,ugardner@example.org
778,Andrea Blevins,95696247014,kimberlybarnett@example.org
779,Mark Braun,55453123578,josephdavis@example.net
780,Anne Mcgee,29646454412,ambervargas@example.org
781,Daniel Mills,89458628730,patricialloyd@example.org
782,Diane Wolfe,96616169251,cwarner@example.org
783,Jeremy Atkinson,61336137190,grahamdoris@example.net
784,Sarah George,89406195626,douglas60@example.net
785,Kelly Jenkins,23786516275,thomasmiller@example.org
786,Christina Thompson,70906832372,chad05@example.com
787,Monique Ho MD,67776707510,eric25@example.org
788,Seth Rios,51796675156,monique69@example.net
789,Lynn Braun,23741547126,vasquezjeffery@example.org
790,Dr. Catherine Yates DVM,45498219082,clarktaylor@example.net
791,Erin Bowman,27455291848,qsharp@example.com
792,Jennifer Wilson,38748739764,mschwartz@example.org
793,Scott Osborne,21014389735,kellyramsey@example.com
794,Joshua Mcgee,76633746643,mmoore@example.org
795,Christy Jones,95752488847,huntdavid@example.org
796,Jimmy Stevens,85065475760,collierjames@example.com
797,Candace Dixon,90009806002,paulataylor@example.org
798,Jamie Castillo,78032283016,rrobinson@example.org
799,Joseph Ramirez,76082264119,jenniferthompson@example.net
800,Alan Cooley,90804120256,ptaylor@example.org
801,Angela Taylor,13923599068,cooperkathy@example.net
802,Raymond Garcia,92301268595,michaelingram@example.org
803,Michael Davis,24362517706,scottrandy@example.org
804,Jasmine Cook,99996646758,kristina39@example.com
805,Sandra Fischer,12820494733,princeapril@example.net
806,Kelli Hunter,80280868692,burtondaniel@example.org
807,Tracy Rodriguez,69181938169,maria65@example.com
808,Christopher Nelson,66868136265,leeryan@example.net
809,Nancy Taylor,77517631907,jonathan30@example.com
810,John Williams,93251715299,matthew84@example.com
811,David Mccann,95938742910,suzanne15@example.org
812,Jamie Gibson,74287898137,teresa36@example.com
813,Sharon George,41587028490,robertsnicole@example.com
814,Ruth Roberts,99969371722,rachelmartinez@example.com
815,Nicole Robinson,88453474742,tristangolden@example.com
816,Evan Mcgee,89092086458,martinezcarrie@example.com
817,Maria Watson,84602398626,clarkchristine@example.net
818,Shannon Ayala,18272539011,anneroberts@example.net
819,Adam Allen,38694817530,zcarrillo@example.com
820,William Williams,88949503817,robinsonjorge@example.com
821,Dr. Andrew Sexton,94453240734,wvasquez@example.net
822,Christy Smith,85614412732,williamsterri@example.net
823,Evan Russell,13711963375,michaelwagner@example.org
824,Katelyn Bridges,35471914223,colleen96@example.org
825,Jacqueline Flores,11801585291,johnsonjessica@example.org
826,Jessica Green,90513651063,janderson@example.com
827,Sherry Allison,52660662751,jrobinson@example.org
828,Stephanie Meza,69419845234,contreraswendy@example.net
829,Nicole Willis,17525849392,ggoodwin@example.org
830,Mariah Richardson,18480883049,uandrews@example.org
831,Joseph Nichols,40409644319,courtney92@example.com
832,Timothy Walker,50534801934,gonzalezsamuel@example.net
833,Lisa Hamilton,61633651068,sherrymccoy@example.com
834,Kevin Hoffman,82080082601,richardprice@example.com
835,Rebecca Jennings,20205509017,madisonclark@example.com
836,Peter Garrett,26869666533,tcarter@example.net
837,Melissa Franklin,69540433737,emilycontreras@example.net
838,Amanda Rodriguez,52230578490,aaron39@example.com
839,Lisa Gray,51661071010,nathan77@example.com
840,Benjamin Williams,92377587800,xbarton@example.net
841,Michael Browning,11714190675,joshua63@example.net
842,Joseph Henderson,39494388683,rmorrow@example.org
843,Rachael Nichols,80220531996,kaylahuffman@example.com
844,Joel Bowman,79770916675,timothywhite@example.org
845,Kayla Mcgee,68490339278,stephanie86@example.org
846,Amber Miller,64056400085,dustin66@example.net
847,Scott Reynolds,71756291400,jonathanharrison@example.net
848,William Greene,29956400920,vincentcooper@example.org
849,Taylor Wilson,14405431695,smallomar@example.com
850,Lori Jones,36223449309,waynewilson@example.org
851,Jordan Roberts,17682402519,markscynthia@example.org
852,Amy Beltran,88225628667,mariowilliams@example.net
853,Benjamin Guzman,24318854511,lsantiago@example.org
854,Mark Lynch,23628716745,fhudson@example.net
855,Jeffrey Warren,38949005903,ericadams@example.com
856,Christopher Garcia,35860500585,wparker@example.com
857,Kenneth Ramirez,81535037520,james19@example.org
858,Michelle Wilkins,81308366377,jack70@example.net
859,William Cox,20216372775,beckerkrista@example.org
860,Jon May,52846337301,pellis@example.com
861,Kenneth Potter,13219686201,xcampbell@example.com
862,David Banks,52281160968,dudleyjustin@example.org
863,Thomas Berry,96842071291,rileyhuerta@example.org
864,Ashley Ball,77234733990,hendersonkelly@example.net
865,Kristina Dean,45391769348,evelynfisher@example.org
866,David Foley,76417813803,lisabass@example.org
867,Jennifer Gutierrez,96296186387,ljohnson@example.org
868,James Maldonado,60487892610,phillip96@example.org
869,Ryan Hill,77218404463,bradley66@example.com
870,Marissa Lambert DDS,94347306777,ggonzalez@example.net
871,Kathryn Castaneda,70487422119,wknapp@example.org
872,Douglas Brennan,72321666649,sandraruiz@example.com
873,Shelby Hooper,63057185131,ryan05@example.org
874,Desiree Johnston,78791896267,bradmcgrath@example.com
875,Evelyn Monroe,49978211803,sandra73@example.net
876,Ashley Tyler,31927310588,julie12@example.net
877,Brady Berry,80534950025,whiteheadtom@example.net
878,Hannah Welch,86879099891,tlong@example.net
879,Frank Scott,45272213317,veronicahawkins@example.net
880,Joshua Rhodes,61315975791,mzimmerman@example.net
881,Brett Marshall,48299663721,boyernatasha@example.com
882,Kelly Bailey,54634707339,troy73@example.org
883,Patricia Rodriguez,29823395508,amandaferguson@example.net
884,David Davis,48602460457,kristen79@example.net
885,Jill Brown,87013696821,danielwest@example.com
886,William Ellis,27862092732,vanessachambers@example.com
887,Stephanie West,62132490775,reidkristy@example.org
888,Vicki Glenn,56819931688,williamsann@example.net
889,Molly Madden,47329512052,brian88@example.com
890,Jennifer Knight,67332651375,dalewilson@example.org
891,Stephanie Mckay,36532486336,thompsonkathryn@example.com
892,Anthony Gomez,15422763558,adrianabrown@example.net
893,Richard Kelly,81981783821,michael28@example.org
894,Emma Abbott,50879897247,phillippatterson@example.com
895,David Robinson,25521710274,jrodriguez@example.net
896,Kristina Carter,52920050216,efreeman@example.com
897,Alan Bray,44465526666,cynthia59@example.net
898,Jacqueline Richmond,52745581970,kcolon@example.org
899,David Miller,39101321155,ryanbradshaw@example.net
900,Erika Chapman,27756115185,bethevans@example.net
901,Michelle Bell,23387390459,ifaulkner@example.net
902,David Stewart,47049713842,ojoyce@example.com
903,Melvin Porter,97283020456,robert13@example.com
904,Charles Mcdaniel,47230929229,owilliams@example.org
905,Jessica Russell,47088488680,zbell@example.net
906,Paul Mcdonald,36166105692,mackenziemorales@example.net
907,Tammy White MD,38294467203,tasha96@example.net
908,Lindsey Mcdowell,30570575739,sara06@example.org
909,Jimmy Rosario,37357646313,nolanjustin@example.com
910,James Carter,52983218971,millskevin@example.net
911,Steven Martinez,34061976409,dmartinez@example.org
912,Kevin Kirby,40203476718,cindyrussell@example.com
913,Adam Hernandez,47998357967,alyssajames@example.net
914,William Hall,29665608583,thomas62@example.com
915,Gabriel Pittman,90445485870,mary32@example.org
916,Anthony Williams,80798839358,nvaldez@example.net
917,Elizabeth Pearson,64291185277,michaelcooley@example.org
918,Marcus Morrow,18976809057,acalderon@example.org
919,Samuel Roberts,51425747143,linda32@example.org
920,Danielle Chambers,36765324464,rlopez@example.net
921,Christopher James,85271080879,irodriguez@example.com
922,Deborah Jackson,58341891948,hickswarren@example.org
923,Eric Miller,56511481457,inicholson@example.com
924,Shane Robinson,34161225489,fbond@example.net
925,Evan Lin,68109753718,cbennett@example.net
926,Patrick Atkinson,52140677373,millercharles@example.net
927,Sara Oliver,55829788245,tammytrevino@example.com
928,Sara Fields,94850515580,seanmclaughlin@example.org
929,Michael Turner,16691885185,xrodriguez@example.net
930,Susan Sims,71631587718,reevescraig@example.com
931,Karen Jones,40338224093,brookevazquez@example.net
932,Erik Gray,74871761474,jessicahull@example.com
933,William Watson,95680353457,bobby01@example.org
934,Jeremy White,37549802249,ehowe@example.com
935,Matthew Rodriguez,41814932169,ashleygonzales@example.net
936,Rhonda Mendoza,23645526920,thernandez@example.com
937,Heather Johnson,71358317112,rsmith@example.net
938,Rodney Peterson,61961659531,hannahrodriguez@example.com
939,Nathan Atkinson,80960609996,patrickmorton@example.org
940,Heidi Gray,67715881047,francisco85@example.net
941,Kathryn Brown,85582321252,johnrivera@example.com
942,Maria Reese,31881494376,emartin@example.com
943,David Castillo,99295644139,robertmoore@example.org
944,Reginald Duncan,83211326354,hailey14@example.net
945,Kevin Rogers,51162465182,morganandrews@example.com
946,Anthony Johnson,30705291339,laurensilva@example.org
947,Gloria Phillips,94327131375,johngross@example.net
948,Monica Lyons,44047752769,michelle99@example.org
949,Natalie James,60564821042,torresmark@example.org
950,Elizabeth Gibson,88041251912,paul85@example.com
951,Trevor Cisneros DDS,42592516941,lambertjared@example.org
952,Jose Vaughn,35014775145,ywise@example.net
953,Benjamin Soto,60633780901,williamsonronald@example.org
954,Julie Jackson,91928836747,brian29@example.com
955,Christopher Hunter,16468311600,andrewwilliams@example.net
956,Laura Mercer,17493890720,bruceyates@example.net
957,Angel Waller,92727339961,heathermatthews@example.net
958,Thomas Baker,58969899139,wolfedenise@example.com
959,Dennis Mitchell,80567863452,bdudley@example.net
960,John Pena,78665344868,bradley23@example.com
961,Jennifer Sullivan,71154276745,michael76@example.org
962,Michelle Wilson,49969557079,ohill@example.net
963,Jeffery Frederick,52391370756,stevenclark@example.org
964,Jenna Smith,33345519705,charlesramirez@example.com
965,Katherine Johnson,65650648047,marymartin@example.net
966,Melanie Wheeler,39312512357,nchavez@example.org
967,Steven Salazar,24694608126,ngomez@example.org
968,Kim Mcintosh,43070986349,ojohnson@example.org
969,Richard Shelton,43311303530,jonesgeorge@example.net
970,Chase Williams,91986763113,iwright@example.com
971,Jason Ellis,21532454592,njones@example.org
972,Brian Wiggins,36135620961,sarahorne@example.org
973,Lindsey Burton,14628837167,brownanna@example.org
974,Robert Vang,32929095868,rebeccareese@example.org
975,Colleen Roberts,67354751457,gvalenzuela@example.org
976,Charles Chung,57980745043,michaelwood@example.org
977,Brett Beck,33818224837,xsullivan@example.com
978,Robert Gregory,23744856654,ksutton@example.net
979,Clifford Curtis,33358404547,wmurray@example.com
980,Jasmine Porter,86486168768,lawrencegeoffrey@example.net
981,Alvin Hoffman,14245946056,murraykelly@example.com
982,Gregory Hamilton,60516875818,amywilliams@example.net
983,Nathaniel Smith,49775461720,humphreychristopher@example.com
984,Robert Chang,69126437887,ramosjohn@example.com
985,Tamara Briggs,86623717480,pdawson@example.net
986,David Oneal,78311708883,robinsonelizabeth@example.org
987,Erica Collins,86043721456,michellethomas@example.com
988,Wesley Sanchez,95951427026,kimberly52@example.com
989,Courtney Coleman,87949771576,kevingreen@example.com
990,Whitney Everett,61009048243,jacksonruth@example.com
991,David Edwards,93588078637,joshua10@example.com
992,Tiffany Flores,54237705898,garciasamantha@example.org
993,Victoria Stanton,79535411845,smithnicole@example.org
994,Jenna Patterson,51470090488,simmonsjessica@example.com
995,Amanda Dyer,74892633840,jennifersims@example.com
996,Chad Lee,80607132269,whoffman@example.org
997,Alexander Esparza,70524126627,leachsteven@example.com
998,Steven Mccall,49598236323,christina16@example.com
999,Connie Baker,23499647170,richardgomez@example.com
1000,Richard Rivera,77179265338,efreeman@example.net
