endereco_id,cliente_id,rua,cidade,estado,cep
1,1,8046 Deborah Stream Suite 827,Port Jeffreyfurt,Rhode Island,82212
2,2,51306 Phillips Ports,East Andreafurt,Oregon,91480
3,3,9678 Elizabeth Shores,Smithmouth,Iowa,58124
4,4,735 Walker Island,South Tamara,Florida,91705
5,5,1698 Cindy Pine,Shieldsland,Texas,81547
6,6,36387 Fernandez Stravenue,Piercestad,North Carolina,44128
7,7,313 Donaldson Underpass Suite 777,Jonesmouth,Nebraska,58706
8,8,96925 Matthew Mount,Cohentown,Louisiana,51073
9,9,603 Payne Canyon Suite 136,East Robert,Delaware,76487
10,10,75252 House Courts Suite 809,Port Kennethbury,Kansas,89818
11,11,7597 Brown Mountains Apt. 139,North Megan,Colorado,48547
12,12,587 James Row,Michellehaven,Arizona,08483
13,13,84406 Wise Shore,Hannahville,Washington,70464
14,14,28590 Mcdowell Inlet Apt. 859,East Keithstad,Arizona,03572
15,15,74415 Jade Oval,Ryanton,Indiana,70757
16,16,48993 Gardner Spring Apt. 956,South Michaelborough,Wisconsin,60976
17,17,0151 Donald Mills,Port Jeffrey,Virginia,94516
18,18,82867 Young Neck,East Kelly,New Hampshire,89900
19,19,80260 Sandoval Lights,South Scott,Kansas,32589
20,20,08615 Huff Keys,North Joshuafort,Wyoming,17050
21,21,248 Keller Lake,Port Michaelshire,Virginia,18523
22,22,823 Daniel Mission Suite 874,Martinezton,Maine,32058
23,23,6990 Anthony Keys,Carterberg,Utah,12449
24,24,128 Julie Skyway,New Jessica,Connecticut,81195
25,25,046 Daniel Rapid Suite 916,Timothyview,New Hampshire,18386
26,26,37369 Jenkins Crescent Suite 154,Delgadotown,Nebraska,82365
27,27,227 Melissa Wells,South Kimberlyside,Colorado,96232
28,28,4771 Heidi Lock,South Raymondton,Massachusetts,76718
29,29,4452 Philip Green,West Mikehaven,Kansas,72183
30,30,910 Parker Street,North Cassidyborough,Utah,94935
31,31,557 Rice Oval Suite 868,North Kelseyside,New Jersey,78224
32,32,82321 Nicholas Mountains,East Destinyside,Virginia,89993
33,33,301 Adkins Terrace Apt. 752,Solomonburgh,Kentucky,48288
34,34,237 Edwards Avenue Suite 199,Torresborough,Washington,17661
35,35,35781 Harris Harbor Suite 416,New Andrew,Mississippi,86600
36,36,85129 Branch Orchard Apt. 292,West Chelseyberg,New York,70561
37,37,44136 George Trafficway,Mirandaberg,Kentucky,13873
38,38,912 Pena Vista Suite 123,East James,New Jersey,89538
39,39,084 Wendy Road,Houseport,Oklahoma,40439
40,40,749 Gregory Bridge,Tamichester,North Carolina,97780
41,41,3330 Johnson Point,Parkerport,South Dakota,12137
42,42,5743 Tracy Stream Apt. 193,North Angelaberg,Maryland,91928
43,43,47891 Griffin Green,Nicholsonshire,Wyoming,83256
44,44,35278 Rachel Junction,Stevensonside,Kentucky,36810
45,45,66004 Villa Gateway,Mirandamouth,Indiana,32351
46,46,982 Kevin Meadows,West Luis,Massachusetts,22417
47,47,79579 Cheryl Walks Suite 186,Ianburgh,Arkansas,05937
48,48,1272 Amber Crescent,Laurenton,New York,27686
49,49,931 Erik Forest Suite 848,Angelafurt,Oklahoma,37318
50,50,501 Kim Spur Apt. 063,Bakerport,Rhode Island,40752
51,51,07374 Bass Walks Suite 166,South Betty,Hawaii,34553
52,52,83801 Cook Mountains,Lake Elizabeth,Montana,67242
53,53,75696 Jonathan Corner,South Matthew,Colorado,85888
54,54,194 Eric Green,Jasontown,New Mexico,31944
55,55,691 Fisher Street Apt. 135,North Douglas,Rhode Island,06807
56,56,5698 Philip Ways Suite 404,New Kevin,Ohio,62461
57,57,82657 Valerie Forges Suite 814,Carsontown,Illinois,40187
58,58,595 Holder Row Apt. 766,Wyattshire,Louisiana,23608
59,59,4185 Booker Junction,Lake Michelle,Alaska,75147
60,60,5419 Alexandra Ridge Suite 980,Jenniferchester,Oregon,64903
61,61,330 Joshua Street Apt. 627,South Melaniemouth,Virginia,08463
62,62,207 Tyler Inlet Apt. 443,East Sharonbury,South Dakota,36959
63,63,855 Jenkins Pike,Port Zoe,Virginia,51236
64,64,21553 Lopez Mills Suite 696,Timothytown,Colorado,33389
65,65,721 Robinson Mall,West John,Oregon,97613
66,66,58227 Jeremy Rest,Port Markfort,Maryland,11728
67,67,86252 Tucker Haven Suite 814,Pacebury,Nevada,57581
68,68,2392 Middleton Square Suite 329,Smithfort,Washington,42946
69,69,31946 Moran Stream,East Brenda,New Hampshire,38239
70,70,932 Romero Loaf Apt. 427,Bettybury,Idaho,82049
71,71,33981 Chase Divide,West Margaretview,New Mexico,23723
72,72,79766 Gonzalez Place Apt. 633,Thomasport,New Mexico,77186
73,73,32449 White Garden,Johnchester,California,89589
74,74,415 Reyes Fork Suite 277,Lisamouth,Arizona,57423
75,75,034 Wright Hill Suite 617,Loganside,New Jersey,13653
76,76,157 Jennifer Road Suite 451,Markville,Wisconsin,55918
77,77,2949 Sheryl Oval Apt. 680,Anthonyland,Idaho,35729
78,78,74176 Vasquez Motorway,Lake Sheila,Idaho,34088
79,79,7650 Sarah Forges,West Josephhaven,Wisconsin,51718
80,80,70550 Derrick Club,East Debraville,New York,67530
81,81,03804 Ethan Glen,New Meganbury,New York,13639
82,82,611 Dawn Ford,Gibsonshire,New Hampshire,90284
83,83,115 Angela Bypass Suite 224,Mannbury,Alaska,31539
84,84,6668 Lori Villages Suite 892,Joannastad,North Carolina,23002
85,85,289 Rios Stravenue,Russellborough,New Hampshire,84975
86,86,7383 Paul Run Suite 975,South Jeffreyburgh,New York,74620
87,87,920 Smith Fort Suite 159,New Donald,Delaware,06236
88,88,5347 Robert Flat Suite 541,Grahamland,Oregon,50231
89,89,709 Morgan Brooks Suite 732,Powelltown,Indiana,82154
90,90,430 Davis Fields,North Ann,Delaware,18585
91,91,674 Roberts Ford Apt. 207,West Priscillatown,Virginia,21864
92,92,3239 Mccoy Ports,Robertmouth,Pennsylvania,89189
93,93,3987 Allen Fork,South Stanleyland,Wyoming,56849
94,94,9539 Matthew Station Apt. 806,Chanside,Utah,46355
95,95,45228 Edward Common,Jessicabury,New Hampshire,65551
96,96,073 Jeffrey Dam Suite 589,South Justinhaven,Arizona,23711
97,97,793 William Radial,Chapmanfurt,Oklahoma,07909
98,98,06101 Monica Crossing,Justinside,Minnesota,31189
99,99,0646 Kimberly Loaf,Wilsonchester,Wisconsin,93782
100,100,847 Sampson Avenue Apt. 441,Washingtonburgh,North Carolina,29999
101,101,5345 Andrea Spring Suite 077,West Brittany,North Dakota,32453
102,102,2815 Stacy Row Apt. 098,East Judy,Montana,22753
103,103,114 Benitez Plain Suite 712,Lake Laurenport,Florida,51268
104,104,3591 Michelle Underpass Suite 203,Smithmouth,New York,74173
105,105,068 Oliver Crescent,East Elizabethton,Vermont,17242
106,106,0327 Scott Fall Apt. 208,Janicefurt,Connecticut,34611
107,107,65182 Lee Unions Apt. 162,West Thomas,Iowa,14901
108,108,038 Martin Knolls Suite 118,South Pennystad,Florida,35651
109,109,4620 Nancy Fall Apt. 772,Freemanfort,Idaho,80927
110,110,95660 David Lodge,Prestonborough,Utah,82530
111,111,626 Michelle Cliff Suite 627,Port Briannatown,Pennsylvania,32825
112,112,587 Reed Divide Apt. 937,South Stephanie,New Jersey,61851
113,113,6330 Cody Inlet Apt. 158,Lake Robert,Maine,91978
114,114,8519 Johnson Junctions,Chavezland,Michigan,24560
115,115,119 Timothy Lodge Suite 337,Wilsonshire,Kentucky,21062
116,116,974 Patterson Station Suite 021,Port Lisaton,Tennessee,50980
117,117,7623 Tara Dale,West Holly,New Jersey,14800
118,118,0330 Sean Causeway Suite 696,Port April,New York,12212
119,119,94662 Michael Isle,Port Theresa,New Mexico,15653
120,120,629 Lisa Drive Suite 132,Michelleville,Wisconsin,05648
121,121,048 Mario Causeway Apt. 420,Meyersstad,Arkansas,18094
122,122,105 Davis Branch Suite 634,Lambfurt,Washington,88856
123,123,4001 Stark Glens,Port Samantha,South Dakota,20822
124,124,6098 Donna Islands,Williamfurt,Idaho,18798
125,125,9792 Pena Drive Suite 969,North Haleyfurt,Texas,07969
126,126,67891 Harris View Suite 619,Frankland,Arkansas,34434
127,127,2080 Rachel Road Apt. 946,New Amberport,Minnesota,42015
128,128,8066 Harrington Throughway,Ashleyton,Texas,89419
129,129,2571 Gonzalez Station Suite 012,East Craigton,Vermont,53239
130,130,11855 Bryan Brooks Apt. 398,East Carolynfort,Idaho,25198
131,131,043 Donna Place Suite 013,Jenniferland,New Hampshire,20061
132,132,631 Moore Views Apt. 206,Donside,Nebraska,15135
133,133,3269 Sean Prairie,New Peterside,Georgia,53901
134,134,103 Brandi Walks,East Kimberlyborough,Vermont,62197
135,135,60070 Christopher Village,Warrenbury,Wisconsin,69124
136,136,221 Jacobs Estates Apt. 642,North Lesliefort,Pennsylvania,86430
137,137,17596 Erin Wall,Wilsonberg,Wyoming,37083
138,138,126 Kara Overpass Apt. 304,Fischermouth,Idaho,46265
139,139,73977 Gallegos Lights,North David,Wisconsin,55243
140,140,9872 Christopher Hills Suite 703,Louiston,Alabama,89593
141,141,2781 Sara Crescent Suite 258,Stanleychester,Montana,66308
142,142,8583 Oneal Motorway Apt. 178,Kingchester,New York,73090
143,143,026 Jacob Corner Suite 533,Samanthafort,Massachusetts,25133
144,144,2553 Edward Cliff,Jeremyshire,Colorado,39557
145,145,04938 Alexis Mountains Apt. 061,West Vincentfurt,Wisconsin,05836
146,146,86678 Laura Street,South Gregoryfort,Arizona,29616
147,147,669 Paul Circle Apt. 875,South Alexandra,Indiana,21515
148,148,988 Wright Forest,North Gerald,New York,79450
149,149,165 Jessica Glen,Tinaview,West Virginia,04383
150,150,34631 Perez Plaza Apt. 685,Thomaschester,Rhode Island,55668
151,151,7748 Watson Lights,Port Brookestad,Kentucky,48544
152,152,7632 Edward Inlet Apt. 111,Carrilloberg,Maryland,24419
153,153,6545 Kelly Mountain Suite 703,Jamesfort,South Carolina,27962
154,154,5712 Richard Road Apt. 419,Henryfurt,Alabama,10431
155,155,852 Jenkins Burgs Suite 080,New Douglas,California,26669
156,156,705 Mcfarland Street,Valeriestad,Alabama,86800
157,157,793 Peter Burg,Coopertown,Montana,26174
158,158,32137 Chad Ville,Gabrielside,Wyoming,83726
159,159,902 Michelle Ramp Apt. 793,Daniellemouth,Vermont,96899
160,160,949 Pamela Manor,Benjaminside,New York,89528
161,161,57414 Erickson Shores,Garyshire,Ohio,26074
162,162,185 Kimberly Mountains Apt. 590,Karenmouth,South Dakota,80364
163,163,236 Brenda Stravenue,New Natashabury,Nebraska,96254
164,164,7670 Charles Valley Apt. 941,New Tiffanychester,North Carolina,75100
165,165,68922 Kelly Dam Suite 547,Greerhaven,South Carolina,63552
166,166,423 Jordan Roads,Michaelfurt,Wyoming,13634
167,167,11877 Samuel Land,Kristinahaven,Utah,26557
168,168,7777 Pineda Lodge Suite 130,Johnsonfurt,New Jersey,53537
169,169,6201 Hernandez Rapids,South Donaldmouth,North Dakota,72184
170,170,686 Peterson Vista,North Caitlyn,Hawaii,20027
171,171,78364 Tyler Overpass Apt. 988,Samanthaport,Colorado,44540
172,172,184 Mark Oval Apt. 874,Port Frederick,Wisconsin,83108
173,173,782 Juarez Center Suite 505,East Michaelberg,New Hampshire,23806
174,174,6735 Beth Highway,South Williamview,Maryland,12402
175,175,904 Brittany Pass Suite 741,East Kimberlyport,Ohio,04188
176,176,7081 Patricia Branch,Donaldborough,Connecticut,73338
177,177,38459 William Station,East Debbie,Arizona,71697
178,178,1070 Wells Bypass Suite 119,Gomezton,Nevada,83779
179,179,080 Amanda Cliff Apt. 078,Dakotaberg,Rhode Island,10206
180,180,4438 White Hollow,West Erin,Michigan,30033
181,181,3857 Emily Neck,Jamieshire,Tennessee,53418
182,182,58161 Wyatt Center Suite 379,Chaseshire,Alaska,61036
183,183,745 Reynolds Walk Suite 216,Vernonfurt,Rhode Island,85936
184,184,323 Valdez Branch,East Destinyfurt,Montana,75429
185,185,339 Jason Street Suite 998,Mcbridebury,New Hampshire,12154
186,186,5476 Regina Creek Apt. 602,New Adamtown,Alabama,13963
187,187,987 Callahan Roads,South Matthewton,Massachusetts,05426
188,188,962 Garrison Drive,East Yvonnestad,Wyoming,46378
189,189,75906 Anthony Vista Apt. 909,East Brenda,Maine,55995
190,190,12887 Mcdowell Grove,Elizabethstad,New York,89550
191,191,5274 Kimberly Forks,Callahanborough,Kansas,58589
192,192,473 Smith Mill Suite 837,Scottfort,Virginia,96991
193,193,04501 Walters Brook,West Clifford,Michigan,22170
194,194,095 Lawrence Knolls,Kellyberg,Maryland,78335
195,195,28452 Hall Trafficway Suite 719,Lake Hunterbury,New York,61719
196,196,14038 Troy Track,West Matthew,Arkansas,63418
197,197,08472 Valerie Station,East Joshuabury,Ohio,81149
198,198,228 Perez Mountains,East Ryanbury,Ohio,54884
199,199,584 John Point Suite 326,Phyllisport,Massachusetts,18122
200,200,3768 Walter Run Suite 164,Leehaven,Iowa,10058
201,201,51146 Lopez Lodge Suite 964,North Kevin,Kentucky,31951
202,202,672 Church Keys,Andrewshire,Kentucky,11055
203,203,240 Jack Motorway Apt. 732,Joycehaven,Louisiana,52500
204,204,135 Castillo Road,Riveraberg,Georgia,24339
205,205,619 Christopher Fork,East Jeremiahport,New York,56277
206,206,4349 Emily Glen,New Tamaraberg,Washington,43674
207,207,204 Jennifer Mountain Apt. 028,Navarroburgh,Idaho,95604
208,208,364 Ronald Drive Suite 217,Port Kristinamouth,Kansas,97378
209,209,790 Thompson Gardens Suite 036,West Dawn,Massachusetts,04942
210,210,2614 Devin Squares Apt. 756,South Tracey,Rhode Island,77693
211,211,4711 Patel Land,West Ashleyton,Oklahoma,96435
212,212,8375 Christian Field Suite 827,East Anthony,Rhode Island,75133
213,213,7712 Mary Harbors,East John,California,11311
214,214,33363 Samantha Unions Suite 835,Danielville,California,24645
215,215,5837 Julie Villages Suite 494,Kevinmouth,Louisiana,07430
216,216,1263 Susan Radial Suite 244,East Jeffreymouth,Arizona,59717
217,217,0586 Olson Fall Apt. 672,Markview,North Carolina,85160
218,218,356 Tabitha Hill,Walkershire,Vermont,32209
219,219,0594 Perry Flat Apt. 713,North Jared,New Hampshire,12558
220,220,56918 Cynthia Green,Ashleyside,Kansas,91939
221,221,860 Barrett Ville Apt. 085,Seanfurt,North Dakota,26447
222,222,7110 Nicholson Summit Apt. 154,Russellfurt,Hawaii,02459
223,223,150 Hernandez Valley Apt. 146,New Mollybury,Wyoming,40836
224,224,018 Freeman Ports,New Curtisfurt,Colorado,18792
225,225,9476 Foster Hill,North Tomport,Iowa,76448
226,226,5360 Matthew Vista,West Cheryl,Michigan,62529
227,227,13458 Gregory Circles Apt. 141,Chadstad,Kansas,31933
228,228,7648 Salinas Via Suite 676,Carolport,Connecticut,10226
229,229,5319 Rodriguez Centers Suite 962,North Melanie,North Dakota,62663
230,230,2845 Samantha Roads Suite 531,West Scottmouth,North Carolina,35980
231,231,9457 Palmer Mount Apt. 245,Fosterfurt,New York,73741
232,232,2903 Andrew Parkways,Port Jason,Indiana,95145
233,233,09732 Russell Mountains,Smithside,Vermont,18511
234,234,6549 Hines Passage Suite 261,North Alexandrabury,Vermont,18529
235,235,651 Ayers Estate,Donaldchester,Wisconsin,24714
236,236,7488 Patricia Circles Apt. 263,South Shawnland,South Carolina,33557
237,237,428 Donna Row Suite 382,Courtneyburgh,New Jersey,77237
238,238,86881 Brown Coves,Thompsontown,Illinois,63834
239,239,9890 John Flats,North Jose,Pennsylvania,65378
240,240,5031 Jennifer Rue Apt. 131,Mitchellville,Pennsylvania,61526
241,241,750 Tapia Drives Suite 036,North Barbaraville,New Mexico,75645
242,242,6996 Carol Inlet,Jamesmouth,Vermont,41329
243,243,53206 Amanda Fields Suite 867,New Tyler,Oklahoma,87948
244,244,157 Jennifer Camp Suite 170,New Vickichester,Georgia,20295
245,245,766 Brandon Ford Suite 019,Warrenberg,New Jersey,56619
246,246,009 Johnston Mountains,Alecville,Nebraska,40684
247,247,14060 Perez Gateway,Espinozaport,Wisconsin,54746
248,248,75933 Scott Isle,Matthewport,Arkansas,88239
249,249,48941 Jasmine Trail Apt. 062,West Taylorstad,Minnesota,45300
250,250,557 Nelson Way,East Thomasville,Vermont,97505
251,251,922 Scott Valleys Suite 337,North Erica,South Dakota,72648
252,252,6184 Joshua Extensions Apt. 365,New Kimberlymouth,South Dakota,84987
253,253,29113 Adam Estates Apt. 738,North Nicoleton,South Dakota,91298
254,254,6604 Hernandez Lights,Bakerstad,South Dakota,78539
255,255,719 Martinez Land Suite 405,Cowanside,North Carolina,85150
256,256,362 Brandi Station Suite 279,Lake Dianehaven,Idaho,58292
257,257,4382 Hall Plains Apt. 176,Joannafort,North Carolina,15321
258,258,2231 Torres Pike,Port Kristinamouth,Nebraska,27793
259,259,03413 Kenneth Brooks Apt. 169,Aliciaside,Indiana,67757
260,260,7974 Kelly Park,West Ashleystad,Wyoming,30850
261,261,143 Collier Bridge,Nicoleberg,Nebraska,25043
262,262,8152 Cortez Crest,North Cassie,Arkansas,41135
263,263,898 Eric Overpass Suite 516,Dianemouth,Alabama,38623
264,264,07097 Briggs Dale,East Christina,Iowa,56494
265,265,60560 Moore Drives Apt. 496,Michaelstad,Minnesota,61346
266,266,566 Garcia Grove,New Faithport,Louisiana,53101
267,267,76680 Barrera Camp Suite 979,Davidshire,New Jersey,25953
268,268,0282 Claire Curve,Jacobtown,California,37195
269,269,67058 Rogers Falls,Lake Pamelaside,Wyoming,98464
270,270,4068 Jennifer Knolls Apt. 257,Jasonview,Louisiana,69135
271,271,741 Jacob Hill,Jessicabury,South Carolina,92575
272,272,54446 Rebecca Tunnel Suite 068,Hardyview,Oregon,40299
273,273,41553 Howell Mall,Port Teresa,New Jersey,43634
274,274,101 Jones Hills Apt. 817,Harryfurt,California,85245
275,275,845 Sean Island,Cortezmouth,Nevada,43177
276,276,9507 Collins Courts Suite 499,South Jonathanland,Ohio,77852
277,277,4911 Curtis Crest Apt. 875,Cookeside,Rhode Island,20477
278,278,152 Smith Manor,Kevinchester,Maryland,71758
279,279,305 Mark Tunnel Suite 665,Lake Steve,Washington,41058
280,280,334 Patrick Camp Suite 699,Davisshire,Missouri,29330
281,281,0082 Amy Extension,New Alexandra,New Mexico,68953
282,282,46084 Jordan Course,Michaelfort,New Mexico,42569
283,283,99392 Joseph Stravenue Apt. 272,Jamesview,Wisconsin,00887
284,284,213 Huynh Tunnel,Jamestown,Wisconsin,16140
285,285,706 Caitlin Union,West Ericview,Hawaii,60048
286,286,061 Roy Meadows,New Gary,Oregon,30684
287,287,232 Kimberly Rapid Suite 016,Kathyside,Louisiana,59840
288,288,29480 Watson Trail,New Kelly,Texas,52237
289,289,34261 Andrew Expressway Apt. 660,Buckland,Ohio,50321
290,290,30848 Blackburn Valley,Dunnland,Delaware,22473
291,291,3561 Christopher Port Suite 045,Stantonton,Michigan,14215
292,292,82165 Vanessa Landing,North Jonathan,South Dakota,18534
293,293,17465 Colon Mount,Gregoryfurt,Nebraska,88055
294,294,356 Cheyenne Extension,Port Laura,Florida,49587
295,295,88702 Joshua Canyon Suite 720,Carlaville,Colorado,80070
296,296,67913 James Creek Suite 215,Austinberg,New Jersey,94274
297,297,3344 Timothy Heights Suite 629,Davishaven,Louisiana,88546
298,298,5377 Bernard Mission Apt. 813,Stacyfort,Utah,32642
299,299,50561 Black Freeway Apt. 094,West Peter,Vermont,86551
300,300,2217 Brown Mill Suite 926,Peterview,Wisconsin,75389
301,301,288 Miller Mountains Apt. 139,Rothchester,California,11302
302,302,91128 Hill Lodge,Fisherchester,Maryland,27036
303,303,6600 Dana Manors Apt. 296,Lisastad,South Dakota,50840
304,304,98650 Mcintosh Islands Apt. 612,Natalieborough,Utah,75857
305,305,5945 Smith Field Apt. 110,North Daniel,South Carolina,11116
306,306,714 Chelsea Lodge Apt. 811,South Jacquelineport,New Hampshire,80037
307,307,14287 Vincent Plains,Jessicaport,Hawaii,79320
308,308,23781 Frazier Valleys,Ambermouth,South Dakota,31736
309,309,5614 Graham Tunnel,South Maryton,New Hampshire,84460
310,310,40840 Sutton Ranch Apt. 734,Nicholsport,South Dakota,48045
311,311,586 Susan Wall,New Angie,North Carolina,88272
312,312,80981 Thomas Station Apt. 132,North Kathleen,Pennsylvania,26120
313,313,8543 Ian Station,Kristinberg,Utah,41517
314,314,5619 Strong Islands,New Joseph,Michigan,34763
315,315,7974 Mckinney Meadow,New Jamie,Pennsylvania,11961
316,316,254 Johnson Pike,Benjaminbury,Nebraska,68456
317,317,7662 Chandler Locks,Kimton,Montana,91812
318,318,5915 Danielle Road,Calhounmouth,Colorado,54264
319,319,0028 Crystal Ferry Suite 349,North Bridget,Missouri,83600
320,320,01711 Jamie Center,Andreview,Alabama,29247
321,321,16337 Sean Forges Apt. 042,East Marcia,Florida,10691
322,322,0785 Henry Drive,Smithmouth,Oklahoma,14807
323,323,25881 Martin Drives,Stevenchester,Washington,05063
324,324,66406 Samuel Fall Apt. 395,East Yesenia,California,55495
325,325,3676 Kyle Manors,Bennettfurt,Alaska,60497
326,326,119 Michael Hollow,South Daniel,North Carolina,07856
327,327,138 Gross Squares,Davismouth,Wisconsin,89316
328,328,7395 James Junction,Sierrachester,Vermont,30368
329,329,6460 Parsons Spurs Suite 991,Dianestad,Wyoming,26773
330,330,7291 Martin Viaduct,Lake Tina,New York,64127
331,331,05056 Taylor Way Apt. 952,Port Adrienne,Tennessee,32123
332,332,46195 Morrison Divide Apt. 477,West Alex,Ohio,91002
333,333,73700 William Dam Apt. 713,Levymouth,New Jersey,23250
334,334,761 Potter Brook,Yatesport,South Dakota,50658
335,335,9241 Eric Parkway Apt. 939,North Marialand,Nebraska,97514
336,336,38410 Cohen Track Suite 213,Gregorymouth,Alaska,71827
337,337,69153 Walker Valley,Wisefort,Kansas,64691
338,338,41369 Jeremy Stream,Gabrieltown,New Mexico,17361
339,339,53972 Troy Parks Apt. 460,Sandersmouth,Pennsylvania,65494
340,340,69002 Kent Mountain Suite 486,New Dustin,Mississippi,87148
341,341,790 Davis Ports,Lake Brandybury,North Carolina,00683
342,342,2806 Paula Villages,Lake Caitlinville,Iowa,47288
343,343,149 Matthew Prairie Suite 006,Deniseton,Georgia,72911
344,344,46977 Moreno Lights Apt. 757,West Stanleychester,Pennsylvania,25680
345,345,24921 Hunt Ways Suite 554,Jenkinsville,Pennsylvania,43203
346,346,5190 Kelly Plains Apt. 610,Jeremiahborough,Idaho,08406
347,347,90275 Villarreal Corner Suite 193,West Sandra,Connecticut,15491
348,348,976 Albert Pike,Gayland,Utah,21153
349,349,447 Samantha Cliffs,Jeremiahside,Alaska,53155
350,350,895 Katherine Turnpike Apt. 388,Robertstad,Virginia,68489
351,351,9128 Clark Valley,Deanfort,Idaho,46244
352,352,77470 Kyle Burg Apt. 175,Lake Jessicaland,Georgia,26368
353,353,169 Eric Trail,New Nataliestad,New Jersey,19951
354,354,63072 Barnes Fork Suite 863,East Lisa,Illinois,63011
355,355,9640 Carter Skyway,South Andrew,Nevada,39018
356,356,6219 Donald Road Apt. 510,Michaelton,Minnesota,22108
357,357,20764 Malone River Apt. 583,Mooreburgh,New Jersey,69847
358,358,031 Harris Loop,Nicholasberg,Texas,57180
359,359,54468 Ronald Valley Suite 219,Riceberg,Louisiana,27230
360,360,9331 Sanders Bypass,Jasontown,Minnesota,40367
361,361,734 Michael Mews,Jamesburgh,Missouri,22393
362,362,22177 James Fort,Adamfurt,Wisconsin,98514
363,363,4194 Andrew Light Apt. 072,Smithland,Colorado,07435
364,364,121 Joseph Grove Apt. 301,North Nicholasfurt,Illinois,98702
365,365,46153 Patricia Extension,West Karenchester,Nebraska,16035
366,366,74429 Cynthia Ferry Suite 052,Scottshire,New Jersey,14486
367,367,657 Marissa Terrace Apt. 079,Justinchester,Alaska,08710
368,368,503 Lindsey Meadow Apt. 614,Susanshire,Montana,46183
369,369,276 Berger Parks Apt. 498,West Emmaview,Oregon,89395
370,370,730 Santos Flats Suite 400,Samuelfort,Ohio,28141
371,371,5286 Poole Views Apt. 302,New Suzanne,New Jersey,41830
372,372,300 Barry Parkway Suite 342,Cynthiashire,North Dakota,57087
373,373,23652 Jessica Roads,Smithville,New Mexico,81432
374,374,52078 Chapman Rapids Apt. 871,Lawrencebury,Maryland,95962
375,375,5321 Catherine Village,Jonesmouth,Tennessee,84407
376,376,4277 Cox Manor,East Shannon,Washington,04308
377,377,72558 Megan Fort Suite 884,Lake Charlesmouth,Oklahoma,70435
378,378,92861 Smith View,Lake Janet,New Hampshire,22786
379,379,35086 Mullen Isle,Victoriastad,Indiana,40974
380,380,4631 David Ports,South Julieport,North Dakota,26864
381,381,035 Hernandez Oval Suite 982,Lake Jeffreyborough,Maryland,05447
382,382,225 Edward Lodge,Karenmouth,New Jersey,66590
383,383,9068 Robert Isle Apt. 896,Cartermouth,Michigan,25190
384,384,1553 Phillips Way Suite 306,Port Nicholasburgh,Wyoming,01236
385,385,4931 Jennifer Mount Suite 407,New Elizabeth,Connecticut,00962
386,386,129 Greer Ville,Austinfurt,Florida,42404
387,387,90531 Jennifer Alley,West Karenshire,South Dakota,15648
388,388,33365 Joel Field,Port John,Minnesota,07897
389,389,44911 White Plaza,Lake Laura,New York,86199
390,390,0778 Michael Port Apt. 246,Stokesfurt,Mississippi,62475
391,391,136 Flores Island Suite 864,Mandyhaven,Idaho,50503
392,392,19395 Day Wall,Port Julieport,South Carolina,39063
393,393,823 Brandon Rapid,West Jacob,Delaware,16398
394,394,37735 Robinson Center,West Michellefurt,Georgia,04826
395,395,59805 Paul Spring Apt. 183,Karenview,Washington,01841
396,396,758 Isaiah Fork Suite 579,West Arthur,Kentucky,71982
397,397,4606 Woodward Inlet Suite 511,South Reneeshire,Massachusetts,25282
398,398,537 Singleton Orchard Apt. 609,Leslieville,Nebraska,56570
399,399,0276 Eaton Causeway Suite 368,Jasonland,Florida,94500
400,400,069 Aaron Curve Suite 469,Jacksonhaven,Georgia,04903
401,401,00211 Larry Isle Apt. 588,South Heidi,Illinois,26169
402,402,3427 Allen Views,Mooreland,Oregon,25032
403,403,029 Dickerson Circles Apt. 825,West Mario,Mississippi,72024
404,404,85937 Jones Spurs Suite 803,North Michael,Pennsylvania,63729
405,405,8474 Heidi Oval,Tiffanyview,Massachusetts,22022
406,406,1863 Donna Drives Suite 162,Port Jeffrey,Washington,17628
407,407,4150 William Lights Apt. 542,Robertburgh,Illinois,17070
408,408,771 Jennifer Mountain,South Edwardfurt,Minnesota,10972
409,409,0962 Sean Roads Apt. 026,North Sandra,Rhode Island,66341
410,410,767 Cody Street Apt. 701,Alvinton,Nevada,29528
411,411,2713 Kristina Stream Apt. 258,North Maria,Utah,91090
412,412,93352 Richardson Curve Apt. 420,East Maria,New Hampshire,34819
413,413,438 Hansen Views,Michaelfort,Ohio,86776
414,414,66992 Williams Island,Johnville,South Dakota,81200
415,415,910 Paul Overpass,Amymouth,New Mexico,37971
416,416,46122 Johnson Garden Suite 209,Colleenland,New York,37606
417,417,48114 Richard Brook Apt. 820,Port Brittneybury,Idaho,08220
418,418,64864 May Loaf Apt. 897,Huertaside,South Dakota,54657
419,419,5957 Rice Fork Apt. 590,New Toddchester,Iowa,92939
420,420,6704 Fuller Pass Apt. 931,Suarezport,Wyoming,48143
421,421,172 Karen Crossroad Suite 244,East Jenniferview,Arkansas,94580
422,422,01361 Jones Stream Apt. 382,North Julia,Pennsylvania,26063
423,423,246 Oconnell Mall Apt. 963,East Danny,Hawaii,87524
424,424,6804 Harris Overpass,Christianland,New York,36671
425,425,6018 Cameron Mall,East Corymouth,New Hampshire,53360
426,426,26676 Stafford River Suite 637,West Aaron,Nevada,79227
427,427,063 Berg Parkway Apt. 064,West Christian,North Dakota,81062
428,428,02223 Castillo Plain Suite 200,Alyssaland,Missouri,70580
429,429,083 Morrison Park Apt. 786,Port Roger,Wyoming,31103
430,430,6684 Wendy Centers Apt. 394,East Joshuaport,Delaware,02879
431,431,360 Reyes Mount,Lake Amandaburgh,Mississippi,28434
432,432,370 Luna Rue Apt. 166,West Elainehaven,North Carolina,20807
433,433,14011 Melanie Divide Apt. 039,Port John,Iowa,53038
434,434,3122 Evans Unions Suite 709,Davidbury,South Dakota,05561
435,435,0769 Sharp Glens Apt. 940,West Robert,Wyoming,70001
436,436,972 Pham Shoals,Christianburgh,Oregon,79354
437,437,8743 Lewis Rest,Lake Jameshaven,Maryland,41436
438,438,418 Dawn Underpass,Port Adam,Arizona,90713
439,439,32450 Meghan Squares,Lake Anna,Kentucky,67436
440,440,942 James Keys Suite 835,Karenbury,Maryland,53486
441,441,5003 Catherine Forge,Lake Melissaville,Vermont,66292
442,442,882 Johnson Summit Apt. 232,West Tonya,West Virginia,97450
443,443,73299 Goodwin Locks,Whitehaven,South Carolina,09372
444,444,50824 Jones Village Apt. 574,South Robert,California,63797
445,445,918 Thomas Rest,South Heatherchester,Nevada,69063
446,446,608 Ryan Centers Apt. 782,Wagnertown,Louisiana,27444
447,447,0283 Tammy Mountain Apt. 190,Sethberg,Kansas,97415
448,448,6050 Walker Grove,New Andrewmouth,South Dakota,81754
449,449,672 Bennett Junction Suite 000,West Jennifer,West Virginia,02122
450,450,40280 Cunningham Islands,Phillipsport,Maryland,46439
451,451,228 Barnes Wall Apt. 088,North Sarahhaven,Arkansas,98004
452,452,195 Riddle Lane Suite 472,Heatherfurt,Louisiana,77577
453,453,8116 Douglas Mount,Stevensside,Arkansas,54368
454,454,286 Kimberly Spurs Suite 530,Port Barbara,Kentucky,20050
455,455,62700 Thomas Plains Apt. 240,North Kellymouth,Vermont,77129
456,456,585 Gina Road,New Scottmouth,Texas,80973
457,457,3339 Moss Glens,West Allison,Rhode Island,86937
458,458,12031 Amanda Mills,Chelsealand,Alabama,57953
459,459,2950 Foster Light Apt. 898,Randallberg,North Carolina,66491
460,460,6145 Martin Mountains,South Robertview,North Carolina,91399
461,461,4345 Weaver Spring,Hancockton,Wyoming,18751
462,462,63546 Tiffany Port Suite 628,Sherryville,Nevada,67943
463,463,759 Daniel Course,Port Camerontown,Nebraska,37299
464,464,38795 Hayes Circle,New Nicholasville,Florida,85782
465,465,627 Benjamin Ville,Pamelaborough,North Dakota,26752
466,466,364 James Centers,South Matthew,Utah,29746
467,467,459 Cervantes Crossroad,East Bethburgh,Kentucky,55448
468,468,6217 Cross Flat,New Lisa,Missouri,66929
469,469,41266 Elizabeth Place,New Wendy,California,27223
470,470,4064 Jessica Island,Lake Jenny,Mississippi,74399
471,471,80565 Thomas Mews Apt. 316,Millertown,Florida,12061
472,472,5519 Charles Lights,New Marvinborough,Colorado,72329
473,473,790 Gonzalez Extension Suite 370,Marieview,Oregon,50327
474,474,28997 Martha Row,Port Christopherside,Washington,29751
475,475,88100 Alex Curve Apt. 869,Lake Sandra,Massachusetts,85832
476,476,10312 Rebecca Common Apt. 895,East Briannaport,Nevada,57895
477,477,33816 Baldwin Glen,South Jacobmouth,California,72077
478,478,9710 Philip Terrace,Donnaville,Connecticut,05562
479,479,0593 Foster Skyway,East Rachel,Louisiana,33344
480,480,2272 Jamie Streets,West Lisamouth,Nevada,28321
481,481,212 Theresa Branch Apt. 283,Lake Michelle,Iowa,29128
482,482,195 Williams Locks Apt. 928,Meltonmouth,Wisconsin,31971
483,483,5009 Underwood Junctions,East Carriemouth,North Dakota,38485
484,484,99853 Victoria Mission Apt. 587,New Benjamin,Arizona,64276
485,485,61028 Riggs Heights Suite 500,Lisaview,Louisiana,32778
486,486,6048 Rodriguez Walks,Lake Samantha,Iowa,92566
487,487,717 Moran Trace Suite 156,New Antonio,Wyoming,24702
488,488,013 Lee Village Suite 621,Davidborough,South Carolina,06698
489,489,9021 Gallagher Estates Apt. 489,South Jay,West Virginia,89190
490,490,8099 Matthew Lane Suite 415,Paulborough,Arkansas,51540
491,491,37016 Michael Corners Suite 510,West Saraberg,Connecticut,98168
492,492,77966 Clark Lodge,Frosttown,Nevada,26712
493,493,2494 Angela Neck,South Angie,Kentucky,53192
494,494,676 Villegas Hills Apt. 161,Lake Edward,Florida,21383
495,495,84105 Chad Mountain Suite 887,Garyhaven,Idaho,70499
496,496,99232 Powell Squares Apt. 176,West Ricky,Maine,13258
497,497,5799 Tammy Rue,Padillamouth,Tennessee,60233
498,498,60065 Leon Spur,Larrybury,Vermont,85278
499,499,939 Kristin Flat,North Katherine,New Mexico,39539
500,500,6138 Kristina Divide Apt. 486,Margaretbury,Tennessee,35129
501,501,9231 Stafford Locks Suite 442,Hartmanchester,Wisconsin,19884
502,502,42249 Short Turnpike,North Jeremystad,Wyoming,23945
503,503,4459 Natalie Tunnel Suite 895,Lake Debbie,Florida,89839
504,504,2913 Williams Ways,Johnsonfort,Pennsylvania,31408
505,505,534 Eric Points,Nathanfort,Utah,05886
506,506,739 Roy Springs Suite 137,Susanshire,Georgia,56341
507,507,87466 Nicole Mission Suite 343,Laurenmouth,Arkansas,85818
508,508,9517 Gina Burg,North Edwardville,North Dakota,27122
509,509,89288 Walton Crossroad Suite 766,Schmidtshire,Arizona,99778
510,510,466 Richard Rapid,Ianstad,Missouri,04876
511,511,376 Ellis Curve Apt. 686,Port Allenberg,California,97585
512,512,7785 Baker Pines Apt. 092,Johnsonberg,Missouri,36043
513,513,7540 Stephen Mountains Suite 824,Anneport,Maine,49139
514,514,69236 Paula Glens,West Paula,Wisconsin,52033
515,515,292 Laurie Greens Suite 094,East Elizabethland,Alabama,38913
516,516,303 Linda Pass Apt. 984,Ericfurt,New Jersey,87882
517,517,178 Erica Parkways,Scottmouth,Illinois,06830
518,518,32943 Andrews Flat,North Davidview,Montana,86902
519,519,5840 Jason Springs Apt. 409,Scottmouth,New Mexico,52932
520,520,7270 David Centers Apt. 724,Reneeberg,North Carolina,87881
521,521,0090 Natalie Key,Johnsonview,California,20845
522,522,248 Gina Oval,Caitlynhaven,Maine,58087
523,523,143 Lambert Path,West Davidton,Wyoming,34511
524,524,8020 Simpson Bridge Apt. 690,East Trevorfurt,Arizona,82379
525,525,29630 Avery Corners,Soniatown,New Jersey,70415
526,526,761 Lindsey Rapids,Port Luke,Idaho,03598
527,527,3159 Jason Wells Apt. 120,Lake Rose,North Dakota,21508
528,528,0510 Carey Spur Apt. 187,Hawkinsport,New Hampshire,62303
529,529,41366 Crosby Springs,West Gabriel,Maryland,42700
530,530,651 Wilson Mount,Lewisview,Colorado,85869
531,531,66546 Shaw Club Suite 762,Jonesborough,Oregon,12920
532,532,177 Andrade Ways,North Derek,Illinois,74229
533,533,707 Young Valley,Darrellmouth,Iowa,14732
534,534,2548 Monique Creek Suite 554,Lindachester,Alaska,24787
535,535,706 Mahoney Islands Suite 304,Danielleview,Ohio,82655
536,536,4682 Tyler Port,Lake Lisa,Oregon,21567
537,537,9565 Michael Cove,Port Michael,Rhode Island,11375
538,538,672 Hanson Alley Suite 843,Normanfort,Ohio,84305
539,539,722 Travis Fort Apt. 523,Miketown,Kentucky,23472
540,540,8431 Moore Union Suite 742,East Scott,Hawaii,55663
541,541,306 West Fords Suite 814,Lake Michaelchester,Minnesota,80952
542,542,9607 Prince Union Apt. 171,South Kirstenburgh,Wisconsin,49807
543,543,540 Vanessa Island,Davidfurt,New York,13809
544,544,32293 Boyd Path,Whitneyview,Maryland,24812
545,545,8357 Waters Valleys Apt. 863,North Jasonhaven,Washington,79925
546,546,6422 Alyssa Stravenue,Castilloview,Utah,41222
547,547,5965 Ali Wells Apt. 907,Castillohaven,South Carolina,33022
548,548,26143 Price Overpass,East Alfred,Oklahoma,51546
549,549,82676 Timothy Fork Suite 932,North Angelton,Oklahoma,42182
550,550,24490 Fischer Ville Suite 500,Samuelfort,Alabama,02938
551,551,1731 Garcia Meadow Suite 965,Millerchester,Montana,71346
552,552,112 John Knoll Apt. 117,Johnmouth,California,02965
553,553,262 Elizabeth Turnpike Apt. 072,Petersonborough,Kansas,91701
554,554,07381 Hernandez Pike Suite 992,Lake Shawn,Ohio,49697
555,555,26621 Nicole Way,Kevinport,Wyoming,98615
556,556,216 Roberson Villages Suite 780,North Stephanieton,Virginia,75584
557,557,854 Rhonda Viaduct,New Kelseyside,Vermont,79741
558,558,93083 Salas Crossing,Hectorshire,Nebraska,74332
559,559,49445 Frederick Stream,New Bob,Indiana,82866
560,560,65884 Vargas Track Apt. 095,Marquezstad,Maryland,38297
561,561,0532 Daniel Place,Teresaport,Ohio,70117
562,562,69051 Mary Way Suite 692,New Jennifer,Idaho,14665
563,563,4475 Simmons Trace Apt. 463,Changport,North Dakota,16311
564,564,0518 Kayla Loop,Woodbury,Delaware,62700
565,565,5174 Tristan Ferry Apt. 555,Lake Terrencetown,Delaware,19641
566,566,799 Nathaniel Trace Suite 211,West Kevin,Iowa,91388
567,567,685 Hunt Ridges,North Ericland,Virginia,77466
568,568,163 Brett Overpass Apt. 175,North Derekberg,California,70734
569,569,582 Brandon Skyway Apt. 587,Bryanfort,Ohio,96568
570,570,080 Smith Branch Apt. 671,East Susanview,Texas,23631
571,571,528 Patrick Branch Apt. 144,New Larryville,South Carolina,74120
572,572,2584 Christensen Estate Apt. 450,Michaelstad,Michigan,82149
573,573,731 Donovan Villages Suite 715,Lake Brendaport,Virginia,36765
574,574,3443 Johns Port,New Hannahfort,Mississippi,98528
575,575,39902 Michelle Ports,Williamsmouth,Vermont,22819
576,576,789 Pearson Points Suite 039,Mariemouth,Michigan,45348
577,577,30680 Dawson Circle,Kristenberg,Alaska,20866
578,578,5354 Ray Mill Apt. 783,Michaelmouth,Colorado,65363
579,579,0681 Green Tunnel,Lake Douglasbury,Massachusetts,65833
580,580,466 Connie Freeway,South Adamburgh,Minnesota,63857
581,581,765 William Radial Suite 457,East Samuel,Nevada,13361
582,582,790 James Ville Apt. 570,Ericatown,Wisconsin,56534
583,583,0625 Karen Ridges Apt. 874,Port Anthony,Iowa,84188
584,584,78684 Christopher Heights Apt. 310,North Brandonshire,New Jersey,44716
585,585,387 Jason Mill,Lake Markview,Pennsylvania,20470
586,586,54806 Jennifer Rapid,Michaelport,Maryland,09230
587,587,7801 Rebecca Islands,Port Evanport,Texas,45830
588,588,398 Cruz Green,East Taylormouth,California,93812
589,589,6206 Jones Park Suite 605,North Richard,Kentucky,68429
590,590,20325 Julian Radial,East Michaelberg,Arkansas,47579
591,591,5609 Ashley Forest Suite 938,Robertoshire,Utah,97146
592,592,60174 Allen Trafficway Apt. 439,Lake Andrebury,Iowa,95608
593,593,5498 Isabel Fields,Collinsport,Kentucky,29032
594,594,1892 Cook Parkways Suite 244,Kristinview,South Dakota,75410
595,595,2976 Wood Bypass,West Lauraburgh,Montana,14974
596,596,978 Donald Courts Apt. 702,Velezberg,Delaware,11420
597,597,102 Anna Knolls,Lake Ronnie,Oregon,36364
598,598,7081 Cheryl Radial,New Williamville,Alaska,37239
599,599,36178 Aguilar Lodge Apt. 917,New Michaelside,North Carolina,88706
600,600,76926 Ricky Overpass,Annaton,Utah,63707
601,601,370 Zachary Extension Suite 761,Zamoramouth,Wisconsin,83306
602,602,06711 Silva Radial Apt. 622,North Nicholas,Montana,13893
603,603,436 Zhang Way,Christensenview,Oregon,18947
604,604,844 Thomas Spurs Apt. 561,Bruceshire,Indiana,37948
605,605,817 Burgess Passage Suite 960,Cartermouth,New Jersey,44655
606,606,7472 John Viaduct Suite 690,West Aliceside,Vermont,43275
607,607,52318 Neal Spurs,Floydton,South Carolina,86996
608,608,9327 Jacob Squares,Bellburgh,Pennsylvania,04532
609,609,7731 Peck Spur,North Crystal,Maryland,69933
610,610,5082 Petersen Square,Reedport,Missouri,60680
611,611,894 Deborah River Apt. 838,Campbellside,Alabama,44483
612,612,532 Kimberly Corners,Jenniferfurt,Kansas,68365
613,613,3238 Sanders Squares Suite 212,Georgemouth,New Jersey,65290
614,614,6410 Madison Keys Suite 298,South Wendy,Minnesota,88575
615,615,3107 Mathew Rapid,New Brian,Arkansas,55556
616,616,96406 Hayden Road Suite 282,Vazquezfurt,New Hampshire,26618
617,617,3733 Toni Flat Apt. 285,Kaylaborough,Minnesota,75999
618,618,6747 Rhonda Station Suite 387,Port Charlestown,Indiana,93399
619,619,5158 Dustin Fort,Molinaton,Delaware,90387
620,620,0264 Hernandez Estate,Changfort,West Virginia,48428
621,621,91187 Matthew Falls Suite 324,South Jenniferhaven,Montana,08075
622,622,73526 Thomas Harbors,Connerton,South Carolina,10359
623,623,323 Danielle Mount Apt. 428,West Devin,Iowa,20919
624,624,657 Teresa Forest,South Loriberg,Tennessee,60068
625,625,9435 Brittany Island Apt. 611,Lake James,Arkansas,81518
626,626,609 Bennett Rapids Apt. 834,West Eric,Minnesota,31586
627,627,3199 Martinez Lake Apt. 864,New Coreyport,Nevada,06989
628,628,144 Murphy Ports Suite 202,Weaverport,Alabama,61937
629,629,01334 Rodriguez Inlet Suite 217,Wallacetown,Alaska,67841
630,630,475 Oconnell Place,Ortegamouth,Arkansas,12554
631,631,865 Brock Ferry,Bondberg,Virginia,81600
632,632,0086 Marissa Rapids Apt. 726,West Lauraville,South Carolina,62104
633,633,7860 William Passage,Hammondport,Utah,61476
634,634,4361 Lisa Circle Suite 308,Randyport,Idaho,65293
635,635,7498 Theresa Squares,East Ricky,Washington,14986
636,636,81814 Bethany Heights,West Carol,North Carolina,68219
637,637,851 Isaac Ports,Candaceshire,Idaho,86209
638,638,66331 Amber Trail Suite 007,Knightton,Colorado,13680
639,639,70272 Laurie Walk Suite 296,Monicachester,West Virginia,77810
640,640,99863 Cole Corner Apt. 908,East Katherine,Nebraska,21748
641,641,1304 Samantha Manors,Feliciaberg,Illinois,72160
642,642,4668 Wilson Canyon Apt. 625,Williamsshire,Texas,80168
643,643,703 Smith Ferry,Lake Jamesmouth,Missouri,88776
644,644,195 Ayala Drives Apt. 579,New Stacychester,New Mexico,47994
645,645,80165 Gary Causeway Apt. 159,Dayville,Louisiana,59707
646,646,6581 Alex Land,Emilyhaven,Washington,37935
647,647,87085 Rodriguez Harbor,Laurenton,Oklahoma,45212
648,648,823 Nicole Lodge,Lake Edward,Michigan,29872
649,649,47903 Hale Creek Apt. 839,Lake Robertland,Mississippi,84663
650,650,58427 Logan Rapid,South James,California,05490
651,651,080 Diane Cove,Marytown,Illinois,19980
652,652,45451 Savannah Well Apt. 932,Davidmouth,Hawaii,25018
653,653,907 Benjamin Grove,Jessicamouth,Montana,64262
654,654,28789 Michael Corners Suite 329,Emilyfort,Pennsylvania,30417
655,655,59416 Aaron Rapid,Nataliemouth,Mississippi,26461
656,656,24070 Harris Crossing,Lake Aprilshire,Florida,66496
657,657,8445 Michael Greens Suite 958,Keithport,California,80528
658,658,2466 Jenkins Crossroad Apt. 667,East John,North Carolina,56185
659,659,08232 Kemp Fort Apt. 429,Williamsstad,Oklahoma,25712
660,660,6213 Smith Trail,Martinview,New Hampshire,10962
661,661,901 Roberts Tunnel,South Sabrinabury,Pennsylvania,74331
662,662,0424 Brittany Valley Suite 389,South Jeffreymouth,North Carolina,52106
663,663,8333 Carlos Circle Apt. 597,Morenoville,Pennsylvania,34009
664,664,03297 Blankenship Shoal Suite 192,Port Scott,Nebraska,64972
665,665,7494 Tammy Ridges,South Angela,Missouri,52824
666,666,823 Matthew Path,Port Benjamin,Nevada,42919
667,667,99061 Gibson Views Suite 713,Ivanport,South Dakota,81705
668,668,5096 Bauer Drives Suite 744,New Christine,New Mexico,73609
669,669,57884 Jon Lights Suite 955,Markburgh,Nebraska,95773
670,670,935 Murphy Islands,Brookeview,Vermont,68479
671,671,28812 Lowery Inlet,North Ashleyville,Georgia,15455
672,672,01676 Curtis Inlet Apt. 329,Port Christinashire,Iowa,68655
673,673,228 Richardson Trail,North Joshuaburgh,Kentucky,38188
674,674,8348 Jones Ridges,West Lisamouth,Idaho,29269
675,675,5950 Marshall Cliff,Lake Megan,Louisiana,07790
676,676,573 Christina Ways,Lake Dennisbury,Illinois,42034
677,677,72133 Jones Ports,Michelleburgh,New Mexico,42808
678,678,805 Sheri Ports Apt. 834,Wrightview,Maryland,15424
679,679,03594 Meghan Heights Suite 529,Lake Elizabethtown,Illinois,35937
680,680,95175 Cristina Throughway Apt. 990,New Kimberlyton,Minnesota,01671
681,681,82673 Baxter Springs Apt. 085,Mitchellstad,Hawaii,63821
682,682,1824 Nichols Road Apt. 508,West Jamesview,Florida,80281
683,683,71434 Isaac Union Suite 876,Beckerchester,South Dakota,43654
684,684,5634 Christina Forges,West Michelle,Arizona,55164
685,685,7081 Brown Fort Suite 794,Richardberg,New Mexico,77543
686,686,553 Anthony Summit,Lake Spencerstad,Delaware,71205
687,687,9003 Reed Mall Suite 149,East Tammy,Connecticut,20782
688,688,06754 Macdonald Mall Suite 384,Coltonchester,Maryland,88968
689,689,41511 Owen Expressway Suite 181,Lake Brittanystad,Michigan,98863
690,690,7535 Gilbert Crossing,Markfort,Wyoming,68882
691,691,01903 Daniel Tunnel Suite 922,Susanbury,Delaware,97987
692,692,292 Andre Roads Apt. 425,Port John,New Jersey,62007
693,693,055 Sandoval Flats,North Cynthia,Indiana,37907
694,694,2104 Nicole Loop Apt. 035,Port Kristifurt,California,32168
695,695,7157 Crystal Fall,Aaronton,Montana,05707
696,696,0543 Phillips Pass Suite 035,Tranburgh,Michigan,89055
697,697,6860 Reyes Locks Apt. 338,East Whitney,Illinois,78865
698,698,47613 Christopher Station Apt. 530,Port Amanda,Wisconsin,36676
699,699,0987 Wilson Squares,South Daniel,New Hampshire,85343
700,700,789 Davis Squares Apt. 371,Port Bethany,Wisconsin,52679
701,701,11662 Rose Corners Suite 026,Port Jennifer,Rhode Island,26077
702,702,46322 Torres Shoal Apt. 383,West Robertfort,Massachusetts,90008
703,703,374 Wilson Point Apt. 185,Joshuaview,Hawaii,49273
704,704,712 Ingram Parkways Suite 840,Lake Adam,Massachusetts,66002
705,705,37996 Gregory Burgs,Ashleyville,New York,87546
706,706,9026 Cantrell Ville Suite 699,Lake Candace,Alaska,81670
707,707,40689 Grant Inlet Apt. 065,Aliceberg,Minnesota,34333
708,708,90360 Sellers Mill,Riveratown,Delaware,05712
709,709,205 Cochran Square Apt. 236,Durhamborough,Washington,58714
710,710,3643 Lisa Extension,Dominguezchester,West Virginia,71025
711,711,1639 Clark Point,New Darryl,Kentucky,50097
712,712,37935 Jennifer Manor,Brownmouth,New Jersey,97697
713,713,91353 Martinez Course,West Brittanyshire,Maine,09722
714,714,8477 Russell Parkways,North Daniel,California,93113
715,715,66176 Adrienne Spring,Vickiton,Texas,66588
716,716,276 Gloria Mountains,North Codyburgh,Idaho,81125
717,717,3035 Wood Junction Apt. 641,South Brianmouth,New Hampshire,90926
718,718,021 Alexander View,Westberg,Rhode Island,58514
719,719,7013 Juan Plains,South Carl,Massachusetts,45933
720,720,557 Mark Courts,West Patriciabury,Pennsylvania,84883
721,721,12481 Travis River Suite 894,New Michael,Georgia,47533
722,722,6707 Zachary Roads Apt. 625,Phillipside,Utah,15255
723,723,5008 Carroll Trail Apt. 470,North Christopherfort,Vermont,71045
724,724,3682 Thomas Shore Apt. 964,Port Victoria,Wisconsin,42619
725,725,4800 Gutierrez Springs Apt. 269,Lake Albertmouth,Florida,57457
726,726,437 Allen Camp,South Charlesbury,South Dakota,26252
727,727,5772 Harrell Lock Suite 291,Daviesfort,Minnesota,62520
728,728,8039 Barnes Glen,Stoneberg,New Mexico,20896
729,729,534 Brian Forge Apt. 154,South Destiny,South Dakota,82468
730,730,753 Steven Union,North Dylan,Alaska,81198
731,731,971 Mitchell Unions Apt. 468,Lake Thomaschester,Missouri,08661
732,732,90216 Lopez Manor Suite 200,North Gabrielleshire,Ohio,86148
733,733,950 Benjamin Union Suite 675,Emilyville,Georgia,80700
734,734,15412 James Keys,Lake Dennis,Maryland,91909
735,735,35070 Davis Street Apt. 923,West John,Missouri,83908
736,736,370 Cohen Spur Suite 539,Jonathanmouth,Texas,01128
737,737,025 Elizabeth Skyway Apt. 432,Port Jasonton,Mississippi,31359
738,738,132 Jenkins Walk Suite 219,Vanessaborough,Illinois,63206
739,739,3062 Arnold Mountains Apt. 823,Lake Mikehaven,Michigan,97757
740,740,838 Johnson Unions Apt. 506,East Barbaramouth,Missouri,67982
741,741,783 Heath Junction,East Chadberg,Hawaii,03109
742,742,8933 Ashley Village,Stephanieburgh,Alaska,96385
743,743,426 Morris Pines,Port Trevor,Minnesota,16112
744,744,205 Michael Highway Apt. 975,North Meganfurt,Tennessee,13337
745,745,5763 Olivia Square,Potterport,Michigan,71449
746,746,6684 Hart Lakes,Jacksonmouth,Maine,96138
747,747,93218 Bowman Knoll,East Kathleenshire,Illinois,57766
748,748,5331 Joel Mill Suite 792,West Michaelport,New Hampshire,64937
749,749,976 Sarah View Suite 478,Johnsonview,Pennsylvania,41482
750,750,24560 Rachel Mews Suite 565,North Nataliebury,Nebraska,10647
751,751,67010 Daniel Square Suite 638,Lopezberg,Wisconsin,55036
752,752,1754 Stephanie Villages Suite 885,South Patriciaville,Arizona,75831
753,753,481 Brandi Mountains Suite 083,Lake Kristen,Colorado,88903
754,754,84745 Norma Cliff,New Elizabeth,Indiana,59615
755,755,6231 Valerie Garden Apt. 196,Davidtown,New York,60379
756,756,9798 Morgan Park Suite 187,South Nicole,Connecticut,99877
757,757,107 Dana Crescent,North Geoffrey,Alabama,23682
758,758,61107 Kelly Keys,Lake Rhonda,Utah,39221
759,759,86095 Cheyenne Alley Suite 742,Kochville,Louisiana,44009
760,760,56498 Nelson Mount Apt. 882,West Christopher,New Mexico,61958
761,761,7984 Pierce Alley Apt. 375,Davishaven,Colorado,08121
762,762,7141 Crystal Place Apt. 324,West Laceyhaven,New York,47187
763,763,34919 Nicholas Summit,New Rodneyfurt,Oregon,64337
764,764,722 Paul Stream Suite 766,East Patriciashire,New York,47410
765,765,706 Shelton Pass Suite 868,Robertmouth,Kansas,02713
766,766,0962 Frazier Heights Apt. 629,Lake Claytonhaven,Oregon,73096
767,767,212 Pittman Island,Susanview,Florida,08637
768,768,008 Ruiz Rapids Suite 491,Bowersbury,Pennsylvania,59908
769,769,0015 Pratt Courts Suite 553,Tylerstad,New Mexico,89541
770,770,14150 Anderson Divide Apt. 982,Cindyside,Oregon,84266
771,771,68788 Dominic Cliff Suite 308,Lake Melissa,South Dakota,32351
772,772,013 Allison Garden Suite 047,Justinberg,North Carolina,71601
773,773,847 Wu Estates,Joeton,Louisiana,38640
774,774,10625 Jasmin Village,Harrisshire,Kentucky,43817
775,775,9560 Lee Mills,Lisashire,Wyoming,30867
776,776,013 Angela Junctions,East Beth,Kansas,79354
777,777,685 Angela Passage,Elliottmouth,South Dakota,15936
778,778,57342 Parker Tunnel Suite 711,Cordovamouth,Hawaii,44343
779,779,9699 Gary Tunnel Suite 962,East Elizabethborough,Rhode Island,66570
780,780,9327 Anderson Lodge,North Allison,Alaska,41830
781,781,9704 Payne Haven Apt. 629,South Wendyfort,North Dakota,57082
782,782,66761 Wilson Rest Apt. 209,South Stacey,New Jersey,93543
783,783,18347 Macias Lodge Suite 047,Hughesberg,New Mexico,92863
784,784,8141 Jones Glens Suite 064,Kristinabury,Virginia,74592
785,785,561 Ellis Flat Apt. 435,South Omar,California,39844
786,786,2121 Greg Pine,Port Glenn,Arkansas,39915
787,787,54269 Smith Vista Suite 635,Josephbury,Rhode Island,46466
788,788,0646 Amanda Circle,Hickmanside,Massachusetts,75573
789,789,2824 Sarah Unions,East Davidburgh,Wyoming,73371
790,790,1376 Hansen Dale,East Aaronburgh,Idaho,60808
791,791,35691 Ross Coves Apt. 099,South Aprilview,Kentucky,50476
792,792,59349 Ramirez Courts,West Joycebury,New York,64731
793,793,5935 Christopher Village Apt. 086,New Robert,Oklahoma,35803
794,794,42882 Joseph Mountains,Bakershire,Kansas,26728
795,795,5585 Patrick Unions Apt. 211,Jenniferville,Wisconsin,63726
796,796,063 Wade Grove,Hodgeborough,Iowa,92456
797,797,01314 Marie Brooks,Port Micheleside,Alaska,40640
798,798,31132 Susan Corner Apt. 569,Kathleenstad,California,56262
799,799,49685 Conway Run,Lake Donnastad,Mississippi,22402
800,800,3810 Derrick Crossing,Port Davidbury,Nebraska,41293
801,801,5637 Amy Station Apt. 616,Albertshire,Oregon,54314
802,802,39705 Peter Mission,New Tamaramouth,New Hampshire,11415
803,803,3514 Watson Camp,Muellershire,New York,30350
804,804,89951 Thompson Street,Lake Jamestown,Wisconsin,34102
805,805,894 Allen Common Apt. 457,East Paul,Minnesota,84466
806,806,857 Richardson Springs Apt. 281,Yvonneberg,Arizona,18874
807,807,974 Collins Ports,Robertside,Nebraska,03748
808,808,3681 Cook Turnpike Apt. 341,Bradleyland,West Virginia,89300
809,809,6936 Michael Falls Apt. 790,Derrickberg,Idaho,05213
810,810,5872 Jones Loop Suite 358,Tylerton,Rhode Island,20476
811,811,172 Mary Hill Suite 152,New Sonia,Missouri,59687
812,812,61245 James Pike,Ericshire,Montana,70996
813,813,47335 Heather Mission,East Cameron,Maryland,01311
814,814,9914 Tracy Spring,West Shannonside,Maine,07654
815,815,3097 Turner Fords,North Sarahburgh,Indiana,44272
816,816,6511 Jasmine Locks,East Williamborough,Utah,71519
817,817,816 Mills Summit,Port Dianabury,Kentucky,03706
818,818,482 Elaine Overpass Suite 741,Sanderschester,Montana,78860
819,819,44675 Natalie Lane Apt. 445,Rayville,New Mexico,96783
820,820,33885 Alvarez Canyon,Larsenburgh,Connecticut,39987
821,821,025 Barrett Dale,Port Michaelport,Hawaii,06751
822,822,2214 Jose Courts,North Teresastad,Arizona,13458
823,823,137 Becker Lakes,Mccallport,Montana,46474
824,824,941 Evans Walks Suite 924,North Daniel,Kansas,64488
825,825,848 Jamie Cliffs Apt. 484,South Alejandra,Texas,92779
826,826,6662 Hall Inlet,East Ellen,North Carolina,90586
827,827,66159 Jennifer Wall Apt. 303,Port Jeanne,Nevada,18601
828,828,7421 Bentley Ramp,Cunninghamton,Connecticut,92095
829,829,559 Riddle Point Suite 003,North Paigeton,Missouri,88735
830,830,9819 Kimberly Cove,New Karen,Colorado,09560
831,831,358 Susan Cliffs Apt. 628,West William,Minnesota,01203
832,832,4630 Shaffer Forest,Allenstad,Maine,31485
833,833,17527 Terri Streets Suite 333,Alvarezton,Arizona,41868
834,834,30853 Alexander Parkway Apt. 999,Port Teresa,Wisconsin,31376
835,835,581 Christopher Plains Suite 386,West Marieland,Louisiana,77111
836,836,37914 Christopher Plaza,Port Russell,Delaware,72064
837,837,3032 Flores Spur,New Barbaraville,Maryland,19479
838,838,7252 Richard Overpass Suite 850,Thomasfort,West Virginia,28450
839,839,4601 Kelly Junction,Lake Thomas,North Dakota,64222
840,840,8845 Amy Pine,Port Courtney,New Hampshire,65043
841,841,73829 Jared Ferry Suite 459,North Catherinehaven,Alaska,20881
842,842,043 Lee Trace Suite 493,Port John,Hawaii,08432
843,843,82788 Luna Expressway Suite 313,Smithville,Vermont,16430
844,844,892 Johnson Haven,Garyview,Kentucky,37349
845,845,2879 Frank Brook Suite 822,New Richardborough,South Carolina,49202
846,846,59449 Price Mission Apt. 911,Mccallville,Louisiana,18670
847,847,04595 Warren Wells,Phillipsfurt,Ohio,08783
848,848,25890 Nelson Vista,North Carolynbury,Oregon,87833
849,849,825 Sims Rapids Suite 512,Ericton,South Carolina,46940
850,850,3647 Robertson View,Bowersland,Texas,74523
851,851,2783 James Trace Apt. 993,Tylerville,Rhode Island,78106
852,852,066 Willis Corners,Lorraineport,Connecticut,66240
853,853,0436 Rogers Run,New Nicoleport,New Jersey,05481
854,854,6825 Brianna Bridge Suite 668,Powellmouth,Nevada,60299
855,855,914 Michael Land,East Benjamin,Connecticut,15094
856,856,01212 Henderson Lane,Edwardschester,Missouri,89864
857,857,8073 Katelyn Wall Suite 157,Smithchester,Montana,92444
858,858,838 Simpson Row,Lake Tonya,Ohio,68906
859,859,361 Tiffany Parkway Suite 017,Port Luisview,Nebraska,19640
860,860,868 Belinda Groves,Mayfort,Michigan,31264
861,861,4677 Brewer Hills,Julieborough,Michigan,70194
862,862,4962 Anthony Point Suite 609,New Mollymouth,Iowa,74017
863,863,2803 Jenkins Ville Suite 055,South Melissabury,Michigan,52231
864,864,52259 Danielle Centers,Meganfurt,Tennessee,80836
865,865,11799 Spencer Gardens Apt. 938,Jeffreyview,Virginia,90658
866,866,1513 Brown Heights,Gonzalesmouth,Tennessee,09777
867,867,7497 Guerrero Route,Comptonton,Alabama,66233
868,868,730 Smith Views,Harristown,Pennsylvania,23774
869,869,1785 Moore Passage,West Jessicamouth,Minnesota,83568
870,870,69724 Wanda Fort Apt. 547,Benjaminview,Idaho,92662
871,871,7049 Amanda Parks,Rodneychester,Maine,39095
872,872,60980 Shields Viaduct,Jameschester,Mississippi,70655
873,873,3407 Hale Valley Apt. 859,Mckinneyshire,Massachusetts,01843
874,874,6399 Brian Mountain Suite 038,North Andrew,Arkansas,59965
875,875,39004 Sullivan Ridge Suite 059,Port Jeffreyville,Ohio,53331
876,876,8314 Michael Ranch,North Rileyberg,Vermont,73150
877,877,39540 Michael Springs,East Cassandra,Montana,01422
878,878,758 Vasquez Greens Suite 765,South Dwayneside,Tennessee,18867
879,879,674 Thompson Court,South Tammy,Virginia,13905
880,880,460 Valencia Hollow,Port Jamesville,Arkansas,19253
881,881,253 Alicia Prairie Suite 296,New Kimberly,Arkansas,42888
882,882,163 Herring Ramp Apt. 694,West Karamouth,Kansas,01110
883,883,54540 Davidson Ramp Apt. 397,Port Marc,Colorado,95591
884,884,227 Amy Rapid Apt. 916,East William,Alaska,88574
885,885,3561 Mathew Mountains Suite 002,Parkerton,South Carolina,51522
886,886,386 Young Unions Apt. 075,Jasonstad,Nebraska,66628
887,887,551 Shaw Grove Apt. 009,Nathanielbury,Iowa,02904
888,888,136 Vincent Keys Apt. 423,Lake Thomasstad,Georgia,64754
889,889,3364 Stephanie Trail,Fullerport,Montana,55446
890,890,7257 Jill Union,Lisamouth,Hawaii,36404
891,891,058 Mcgrath Island,Port Rachelborough,Pennsylvania,95304
892,892,938 Vega Crest Suite 504,South Jeffrey,Montana,81112
893,893,27417 Raymond Courts,South Amy,Georgia,53149
894,894,303 Navarro Passage Apt. 211,Darleneborough,Georgia,79263
895,895,39644 Lewis Ranch Apt. 778,Johnmouth,North Dakota,96830
896,896,50635 Osborne Green,New Thomasport,Ohio,81754
897,897,78891 Anne Creek Apt. 536,Alvaradomouth,Montana,81174
898,898,690 Wright Fort Apt. 615,Christopherport,Minnesota,29237
899,899,74619 Smith Way,Robertland,Nebraska,18699
900,900,48113 Alex Dam,New Michael,New Hampshire,78754
901,901,872 Jessica Park,Natalieshire,South Carolina,63863
902,902,61244 Singh Fork,Derekbury,Kansas,95284
903,903,86791 Greg Ranch Apt. 511,Port Jeremyville,New Mexico,73748
904,904,7423 Kelly Isle Suite 055,West Peterville,Texas,34596
905,905,78644 Smith Street,Port Heidiside,California,94341
906,906,888 Sherry Springs,New Christinahaven,Hawaii,85308
907,907,713 Katie Overpass,Melaniemouth,North Carolina,66448
908,908,134 Elizabeth Mills Apt. 982,Johnville,Louisiana,62392
909,909,44742 Walsh Drive,Michaelshire,South Carolina,57543
910,910,0972 David Tunnel,Williamsmouth,Indiana,74788
911,911,8708 Jacobs Locks Suite 372,North Sylvia,Illinois,01294
912,912,4388 Eric Skyway Apt. 444,Khanport,Idaho,02622
913,913,668 Norman River,Pamelaport,Vermont,44049
914,914,3647 Kyle Village,Lake Matthew,Alabama,14483
915,915,8370 Stephanie Corner Apt. 567,East Vanessa,North Carolina,26196
916,916,123 Michael Ferry,Millerstad,Iowa,23181
917,917,969 Harris Expressway Suite 872,Deckerburgh,Nevada,41977
918,918,5237 Gonzales Valleys Suite 033,West James,Georgia,38620
919,919,253 Matthew Loaf,Caitlinfurt,Illinois,34531
920,920,740 Melanie Shore,South Lisaville,South Carolina,91519
921,921,6004 Patrick Overpass Suite 172,Roseview,Hawaii,97047
922,922,98790 Joseph Run,Curtisland,Illinois,37994
923,923,42750 Richard Passage Suite 839,Jasonland,New Mexico,09624
924,924,59543 Rogers Keys,New John,Oregon,54341
925,925,223 Davis Tunnel,Tylerside,Indiana,43878
926,926,9135 Santana Groves Suite 913,Cooperfurt,Iowa,09334
927,927,9749 Christopher Hills Suite 737,Lovemouth,Nevada,42609
928,928,9098 Kathleen Via Apt. 137,Kristychester,New Jersey,54999
929,929,616 Jason Forks,West Michaelview,Minnesota,85852
930,930,737 Jennifer Isle,South Gerald,Colorado,45228
931,931,2525 Wallace Valley Suite 477,Lorimouth,Nevada,10809
932,932,31114 Rebecca Shore,Jessicaborough,Oregon,26211
933,933,70946 Kelley Inlet Suite 625,Mullinsville,Nebraska,74832
934,934,51717 James Via,Kimberlyport,New Jersey,43594
935,935,287 Joshua Heights,Stewartland,Florida,15505
936,936,75804 William Burgs,Wilkinsmouth,North Carolina,81358
937,937,798 Lindsey Shores,Moralesmouth,Colorado,12529
938,938,1263 James Manors,West Jessicatown,Louisiana,24151
939,939,54019 Anthony Pines,South Kathryn,South Dakota,92962
940,940,586 Earl Fords Suite 771,Madisonside,Kentucky,63168
941,941,27535 Michael Turnpike,Zacharyfurt,Vermont,65804
942,942,56209 Byrd Path,Lake Lisamouth,Mississippi,26481
943,943,51287 Gregory Junctions,South Jacqueline,New York,92048
944,944,1492 Morgan Lodge Apt. 703,Brittanyville,Kansas,77209
945,945,73435 Cook Track,Johnstonmouth,Oklahoma,40771
946,946,30605 Joseph Station,Michelemouth,Alaska,36156
947,947,2435 Phillip Shores Suite 452,West Paul,Maine,28777
948,948,26112 Neil Ferry,Johnburgh,Rhode Island,30245
949,949,2606 Brooks Junction Suite 175,West Karenhaven,Nebraska,05345
950,950,6844 Matthew Port,Amberberg,New Jersey,00552
951,951,74127 Rowe Forks Apt. 277,Crosbyborough,Michigan,23105
952,952,88600 Molina Valleys,North Lindaville,Minnesota,96393
953,953,445 Nielsen Bridge Apt. 671,Dunnfurt,West Virginia,16933
954,954,686 Henderson Stravenue,Port Candaceville,New Jersey,73075
955,955,04534 Victoria Flat,East Biancahaven,Montana,45784
956,956,78944 Samantha Roads Apt. 789,New Rebeccaview,Rhode Island,24284
957,957,736 Stanley Station Suite 905,South Elizabeth,Arkansas,84342
958,958,65302 Nelson Orchard Apt. 423,Melindaton,South Carolina,04872
959,959,51681 Jerry Junction Suite 705,Bakerstad,Utah,20185
960,960,4968 Michael Rue Apt. 542,New Tanyaville,Florida,33428
961,961,9891 Eric Underpass Suite 120,New Lauren,Missouri,77459
962,962,895 Melinda Squares Suite 298,Lake Chelsea,Idaho,37085
963,963,568 Christina Square,Jeffreyburgh,Pennsylvania,94180
964,964,8435 Jennifer Course,Lake Lisa,Kentucky,30889
965,965,11829 James Estates,North Adamhaven,New York,39963
966,966,70840 Philip Avenue,Mitchellton,Rhode Island,77239
967,967,6364 Donald Crossroad,Whiteton,Nevada,14711
968,968,8605 Julia Neck Apt. 804,North Cody,Oregon,27838
969,969,69587 Yesenia Trafficway,Danielleland,Nebraska,75174
970,970,7180 Ross Village Apt. 681,Timothychester,Louisiana,61213
971,971,3332 Gabrielle Mount Suite 891,Thomasland,Wyoming,08660
972,972,31108 Smith Creek Suite 693,Port Meghanstad,Nevada,99908
973,973,328 Nathan Burgs Suite 155,Jacksonside,Oregon,30647
974,974,842 Robles Center,Reginaview,Virginia,44411
975,975,382 Steven Glen,Michaelmouth,Idaho,13923
976,976,0933 Cline Parks,Christineville,Arizona,95672
977,977,639 Prince Fields Suite 712,Wrightport,Alaska,95804
978,978,664 Adams Trail Apt. 177,Hunterhaven,Iowa,91368
979,979,80339 Ford Turnpike Apt. 883,Lake Josebury,Missouri,17218
980,980,59486 Ronald Centers Suite 828,North Dale,Connecticut,28739
981,981,181 Dawn Court Apt. 957,Rossbury,Georgia,11749
982,982,1715 Alyssa Circle,Jamiemouth,Montana,20395
983,983,87470 Padilla Fork,Port Thomasfort,Wisconsin,92833
984,984,03689 Anthony Cape Apt. 597,Fergusonshire,Oregon,95659
985,985,83938 Romero Causeway,Palmerside,Oklahoma,51569
986,986,9280 Holland Meadows,Kariside,Oklahoma,80696
987,987,8453 Adam Rapids,South Lorifurt,Oregon,40031
988,988,950 Smith Ridges,Lake Thomasborough,Wisconsin,79244
989,989,912 Moreno Shores,Floydburgh,Rhode Island,07770
990,990,835 Phillip Port,New Elizabeth,Wisconsin,09102
991,991,8559 Harris Key Apt. 415,Wilsonville,Georgia,87476
992,992,865 Michael Bridge,Lake Nicoleberg,New York,72616
993,993,88601 John Lock Apt. 594,Lake Jefffurt,Arkansas,57136
994,994,0221 Jackie Meadow,Lake Joshuafurt,Alaska,35365
995,995,7714 Reyes Knolls Suite 828,Huangport,Pennsylvania,55923
996,996,0029 Michelle Heights Apt. 397,Heathermouth,South Dakota,91686
997,997,52342 Jonathan Isle,South Shannon,Kansas,10300
998,998,66328 Horton View,South Zachary,South Carolina,99165
999,999,67859 Richard Island,North Colton,Massachusetts,86986
1000,1000,4411 Erica Forges Suite 762,Griffinview,New Jersey,83599
